employee_id,first_name,last_name,email,department_id,hire_date,salary
9636496055,Tobin,Matthieson,tmatthieson0@utexas.edu,4853587754,10/4/1939,732477323.58
6934304843,Shaw,Bromell,sbromell1@irs.gov,8051066493,8/4/1924,6601747601.43
8446617489,Claudia,Mallaby,cmallaby2@indiegogo.com,3156607002,10/17/1907,5314038773.83
6445945007,Ronny,Billborough,rbillborough3@nhs.uk,3011492709,7/15/1953,7886937781.46
8291177196,Lorrie,Hopkins,lhopkins4@nba.com,169924402,2/26/1956,7623675538.25
7599525896,Michaeline,Witul,mwitul5@slashdot.org,6730926865,3/5/1989,484743622.74
9846306750,Fanni,Shakeshaft,fshakeshaft6@adobe.com,318793859,1/28/1918,6026934712.68
4764820116,My,Slowgrave,mslowgrave7@auda.org.au,1234020948,10/29/1933,4662629496.0
45385456,Bear,Laite,blaite8@hibu.com,9154668209,2/16/1986,7911234954.76
3797575350,Darin,Ransom,dransom9@comsenz.com,4741958659,2/10/1950,3138836645.8
978331371,Kelbee,Rembrandt,krembrandta@msn.com,9969613536,11/21/1938,3693660416.28
4285106758,Wit,Trengrouse,wtrengrouseb@jalbum.net,4304176271,5/11/1928,1752848016.48
317403569,Birgit,Morden,bmordenc@sbwire.com,5487407010,7/2/1944,9488558020.14
3992310954,Paolo,Alder,palderd@creativecommons.org,1932483101,2/21/1909,6615388430.48
2695768915,Karin,Brian,kbriane@addthis.com,6995908478,8/16/1939,2072110362.67
3140913511,Jaquelin,Sycamore,jsycamoref@ycombinator.com,1604490936,2/13/1958,979102115.59
2262654559,Tawnya,Livezley,tlivezleyg@i2i.jp,5980981533,4/3/1945,886325991.07
6264961944,Ninnetta,Bernardotti,nbernardottih@simplemachines.org,7736195348,2/6/1964,1552787744.67
5726025020,Rosette,Stanning,rstanningi@clickbank.net,1439119637,3/2/1939,6261738949.06
2735680716,Amelita,Stickings,astickingsj@godaddy.com,7881503719,6/30/1944,3392897345.23
6193148481,Suki,Vlasyev,svlasyevk@macromedia.com,7024149128,11/27/1952,2990999179.33
6222274693,Guillaume,Tollow,gtollowl@myspace.com,3665670531,1/25/1997,2094111832.26
8122833517,Bobbie,Eglinton,beglintonm@scribd.com,7116907030,2/22/1983,918206192.88
5421841955,Berte,Eisikowitz,beisikowitzn@unc.edu,712798040,7/8/1952,6414287681.96
5258382020,Hattie,Jantot,hjantoto@princeton.edu,9105669933,4/22/1943,7485051538.88
7921883282,Natalie,Leghorn,nleghornp@wordpress.org,951296392,11/14/1921,8517422475.14
732205692,Cornie,Hatter,chatterq@acquirethisname.com,2760322554,3/20/1955,8418980879.31
84791306,Dilly,Beszant,dbeszantr@cpanel.net,8147701455,11/19/1938,3196223733.66
536955435,Donnell,Hagger,dhaggers@wp.com,813587995,9/27/1950,6539328674.34
9542640101,Pegeen,Antognoni,pantognonit@reuters.com,8655282819,10/7/1987,8230266789.07
4642567631,Eilis,Brogden,ebrogdenu@usa.gov,8383413531,12/12/1925,8221149113.72
9078954832,Fannie,Blackleech,fblackleechv@posterous.com,6820065786,4/8/1948,2265177630.71
1514967634,Etty,Ropkins,eropkinsw@facebook.com,8439904586,3/3/1968,9324518413.59
8778125013,Jack,Golt,jgoltx@nhs.uk,7958892507,3/27/1962,9995520008.51
7493893183,Pauletta,Prendeguest,pprendeguesty@ask.com,4333699993,2/5/1928,2604847903.49
3020181009,Amye,Kryska,akryskaz@scribd.com,3226111289,12/13/1983,3889848187.46
4158969552,Hanni,Rickert,hrickert10@gov.uk,1729918588,4/28/1936,4443707444.33
8188607148,Ellette,Bazelle,ebazelle11@senate.gov,914536068,12/6/1927,6908863084.57
3124205581,Erik,Giovannacci,egiovannacci12@w3.org,7046349688,4/7/1991,7140127283.86
5152615884,Dionne,Rought,drought13@gnu.org,5646816660,7/19/1906,9044765091.77
2294029036,Teri,Coche,tcoche14@nps.gov,8367394968,2/23/1952,7979364014.85
5299777849,Sherwood,Pettit,spettit15@newsvine.com,4119899143,8/25/1908,8015360075.81
3744642619,Avigdor,Bloore,abloore16@baidu.com,2904710384,8/20/1909,8363303690.72
1665720290,Nert,Bagehot,nbagehot17@biblegateway.com,5927969445,10/15/1954,3510297070.0
2760516589,Sherie,Goodsir,sgoodsir18@wix.com,3047325100,8/19/1905,1260530913.0
1748615979,Jobye,De Vile,jdevile19@usa.gov,5859117281,4/6/1961,6133965430.33
9818909322,Jon,Lowdeane,jlowdeane1a@hatena.ne.jp,9942170754,10/13/1918,226497392.49
1165426256,Roxanna,Jacobowicz,rjacobowicz1b@netvibes.com,839360673,5/17/1936,5637282894.5
4308825297,Diann,Chesser,dchesser1c@digg.com,7224927422,3/30/1995,9635123691.73
9706724426,Doro,Ioselevich,dioselevich1d@miitbeian.gov.cn,72268168,4/9/1970,5203511989.4
3409149346,Carlota,Stentiford,cstentiford1e@nsw.gov.au,7830622448,11/1/1989,5681783100.41
5814053340,Gavan,MacRury,gmacrury1f@so-net.ne.jp,7204335881,10/31/1998,69934204.51
3705708167,Phip,Thomton,pthomton1g@zdnet.com,9057632628,7/30/1966,5233851381.28
2582420304,Ailsun,Mulberry,amulberry1h@zimbio.com,4886230486,2/21/1931,6548579167.71
6582215672,Emiline,Pinn,epinn1i@ca.gov,4123054740,12/22/1970,4766181188.88
2459415972,Joey,Delucia,jdelucia1j@nbcnews.com,1108120268,10/11/1905,4204711428.55
108109561,Pauly,Tyndall,ptyndall1k@google.com.br,3675802624,10/12/1948,8535380736.44
216903145,Stirling,Crossfeld,scrossfeld1l@ehow.com,7479783378,10/6/1921,8991292915.14
4667885581,Gabe,Fawthorpe,gfawthorpe1m@mapquest.com,6583708443,6/13/1957,7127945417.16
1441581898,Hilary,Mogra,hmogra1n@weather.com,4420536872,12/7/1932,5077308485.18
6706131039,Gaile,Krolman,gkrolman1o@github.io,3507620663,1/18/1960,5825079112.64
941470091,Arlen,Dobkin,adobkin1p@google.fr,3827722435,12/28/1995,5194160567.05
7914368707,Georgie,Peizer,gpeizer1q@naver.com,9725089767,2/10/1960,6022434543.05
6735046524,Keeley,Yakebovich,kyakebovich1r@aboutads.info,599224739,7/15/1922,4662047022.16
8633817731,Odele,Blakeley,oblakeley1s@techcrunch.com,4736992473,3/8/1904,5017816700.49
279708079,Easter,Kupec,ekupec1t@tamu.edu,9509445754,9/7/1957,5112678218.16
3096815831,Esther,Hellier,ehellier1u@ed.gov,976191613,9/26/1929,7833307243.22
2318926742,Bron,Chuter,bchuter1v@toplist.cz,1631449300,3/22/1994,861137122.59
655859148,Lida,Wordesworth,lwordesworth1w@bluehost.com,4102966616,7/23/1991,2834592947.69
316079068,Carlyn,Elnaugh,celnaugh1x@ibm.com,9030397411,10/4/1947,9990534925.7
3648210886,Valentin,Churchin,vchurchin1y@amazon.co.jp,8534395901,4/5/1979,7970025652.82
7923274439,Agneta,Sunock,asunock1z@free.fr,402513208,8/30/1924,2665181074.3
1590984260,Emelita,Whittenbury,ewhittenbury20@wikipedia.org,9731451844,5/11/1914,2076955656.95
1526935137,Susan,Milius,smilius21@indiatimes.com,3943959876,9/21/1934,8367932406.88
8985039491,Annadiane,Peggs,apeggs22@nifty.com,7202245290,5/15/1999,7311653842.66
5614000880,Samson,Lowne,slowne23@bloomberg.com,6348549122,5/13/1978,3450459854.88
2199910105,Burk,Dare,bdare24@europa.eu,4227251591,1/18/1965,6031357381.87
9822782856,Ursuline,Dyer,udyer25@timesonline.co.uk,9773346781,5/20/1979,786193870.04
4960904450,Hermia,Petrecz,hpetrecz26@jigsy.com,3620902271,9/3/1981,9958717345.49
1420549948,Lind,McLelland,lmclelland27@twitpic.com,7373933307,4/7/1939,749935917.42
7567168307,Tammy,Machan,tmachan28@linkedin.com,3011748786,4/9/1902,8191699962.62
2509436995,Callean,Jeffs,cjeffs29@ow.ly,3416768767,12/14/1992,1573985434.97
6696488857,Reidar,Burns,rburns2a@comcast.net,9058435501,6/9/1936,2627901951.3
8688947605,Kaylyn,Bernardoni,kbernardoni2b@bing.com,9540060461,6/14/1991,6929237132.58
8244676302,Gratia,Romme,gromme2c@sina.com.cn,1106712732,8/13/1994,5881043562.54
3028301295,Codee,Filpo,cfilpo2d@sohu.com,801057161,7/21/1913,7571350681.65
6705855707,Thacher,Stedson,tstedson2e@dyndns.org,2977108627,9/14/1938,9597384616.4
8977792917,Eilis,MacTavish,emactavish2f@google.co.jp,9086191596,1/24/1941,9338915649.49
4193935291,Kimbra,Tansey,ktansey2g@google.fr,8689461614,8/8/1979,824903369.21
3257476710,Elladine,Bowerman,ebowerman2h@discuz.net,4832755046,1/27/1907,544195696.01
4878388075,Kinny,Cathro,kcathro2i@amazon.com,2023109529,12/10/1983,3931105899.04
8444230702,Denny,Latek,dlatek2j@hubpages.com,208010238,6/7/1943,7366567797.11
4472539612,Lemuel,Iannetti,liannetti2k@nbcnews.com,3062040668,11/15/1921,6212310028.81
5394198066,Liane,Print,lprint2l@elegantthemes.com,852743944,7/31/1913,2286147795.39
3339204666,Hartley,Carless,hcarless2m@oakley.com,5209180942,4/28/1935,87386064.97
1710560757,Consolata,Quilty,cquilty2n@flickr.com,9686626897,2/8/1954,9324007929.57
9081539210,Adams,Divisek,adivisek2o@whitehouse.gov,6626550306,5/6/1932,7366550099.82
1732266212,Kimberli,Jinks,kjinks2p@clickbank.net,609602711,12/10/1929,6747482604.05
7600981185,Alphonso,Thickett,athickett2q@engadget.com,1688672806,6/6/2000,1845666012.71
1082021757,Beilul,Nathan,bnathan2r@yellowbook.com,2934413885,11/21/1980,3030450169.42
34645874,Melitta,Guillem,mguillem2s@state.gov,6476926946,5/7/1947,8779848629.36
7180775946,Cristian,Kovalski,ckovalski2t@wordpress.org,443212961,3/8/1961,3188839069.14
7908683562,Levon,Zealander,lzealander2u@usda.gov,8685604746,7/9/1999,4136955611.59
2024898925,Minerva,Townend,mtownend2v@privacy.gov.au,7624255980,2/4/1923,8853859055.06
1276183381,Elita,Calway,ecalway2w@ucsd.edu,5039145817,8/18/1972,278754415.67
8560286593,Mathian,Bartoszinski,mbartoszinski2x@virginia.edu,7253287749,9/8/1993,9451548355.4
795097944,Kenon,Seekings,kseekings2y@istockphoto.com,4008687367,10/28/1931,3172129401.34
5565965135,Vaughn,Derle,vderle2z@privacy.gov.au,46765969,7/2/1969,3004434471.15
455638879,Donelle,Cawkwell,dcawkwell30@thetimes.co.uk,2910016187,3/30/1938,6187126423.92
4430431995,Bing,Martynka,bmartynka31@friendfeed.com,8347221406,12/5/1915,1464445502.04
5566871141,Kat,Washtell,kwashtell32@squidoo.com,3720578367,8/26/1905,4383844786.99
9595592301,Pandora,Keitley,pkeitley33@europa.eu,6996598900,7/22/1975,5556253156.61
9662805092,Tandy,Siveter,tsiveter34@eventbrite.com,1306233816,8/20/1942,7432666124.72
2012517950,Remy,Piggens,rpiggens35@tumblr.com,5260716150,2/20/1940,4381283249.42
9522613402,Hanson,Reye,hreye36@xing.com,3066098647,3/19/1975,9573540512.97
4806328040,Wandie,Checci,wchecci37@g.co,4103827849,12/15/1920,7733256780.59
5885289009,Alison,Gorch,agorch38@tmall.com,9323165748,4/17/1907,5654435814.51
8141213679,Malanie,Tortice,mtortice39@e-recht24.de,424670627,2/16/1929,1103062791.56
3887563564,Bert,Gladwin,bgladwin3a@spiegel.de,1598337110,3/11/1968,3225284980.59
3879614878,Michele,Senn,msenn3b@ask.com,4356287403,2/10/1985,3781132489.23
3258924809,Verile,McWhinnie,vmcwhinnie3c@ustream.tv,8342122163,7/22/1918,339244151.31
3629119321,Cathleen,Gilbride,cgilbride3d@reuters.com,1736119686,3/4/1932,8605085432.17
3604658970,Yolande,Key,ykey3e@imgur.com,6813531530,8/14/1976,8076048066.97
1185954371,Christophorus,Rings,crings3f@printfriendly.com,8222298360,6/2/1935,3684548613.19
5358314764,Jethro,Mosedale,jmosedale3g@mapquest.com,4544042873,12/11/1947,492665280.88
5086687560,Felicle,Wardhaw,fwardhaw3h@nhs.uk,5371699922,6/23/1936,9460493041.08
5117800712,Adriane,Fabbri,afabbri3i@blogs.com,4753550640,8/11/1904,6851820292.34
9779143139,Marietta,Gianullo,mgianullo3j@zimbio.com,4182845864,10/26/1973,1069718446.03
8223867599,Theodora,Jiranek,tjiranek3k@ftc.gov,251626006,11/15/1946,540539279.51
2901234718,Kipper,Tackle,ktackle3l@marriott.com,2957671115,11/1/1946,1202515534.86
2671950929,Leta,Hawkey,lhawkey3m@cafepress.com,9252264231,8/3/1984,8013556611.32
5364341533,Marchall,Clausewitz,mclausewitz3n@sbwire.com,180437625,9/19/1969,236278078.8
8545173789,Vanda,Duffie,vduffie3o@state.tx.us,5694015019,8/28/1946,615108348.4
4451015980,Stesha,Manktelow,smanktelow3p@feedburner.com,206091809,5/10/1943,5441633239.92
4500693273,Freeman,Bannell,fbannell3q@cdc.gov,7830591374,10/12/1900,3227450296.4
3725172267,Vivie,Prettejohns,vprettejohns3r@lycos.com,3832461835,4/6/1915,3324120147.25
310568005,Tiena,Sarchwell,tsarchwell3s@sakura.ne.jp,8057997497,4/9/1942,1432794821.69
551337108,Field,Rapsey,frapsey3t@si.edu,7927490665,12/8/1945,576773750.81
2031946737,Archibold,Spitell,aspitell3u@salon.com,904968413,3/25/1916,3190300294.3
2221924406,Sven,Hamill,shamill3v@nymag.com,4740924590,2/7/1910,8801797285.53
39766700,Kassia,Novelli,knovelli3w@eepurl.com,4905901854,5/11/1913,8354000202.37
3941183609,Cherey,Ollerton,collerton3x@ifeng.com,7217608587,5/17/1927,3735317032.51
8562133696,Kirby,Audley,kaudley3y@cyberchimps.com,9869534447,11/3/1929,2831355697.56
7821686511,Averil,Spurge,aspurge3z@nba.com,9626453870,3/23/1920,3508575586.77
1521331331,Bradford,Cornau,bcornau40@smh.com.au,7047949501,5/11/1905,3368934671.83
4402788503,Frederica,Hutchence,fhutchence41@friendfeed.com,8870002772,3/18/1953,7070057408.77
5746382770,Devin,Agastina,dagastina42@chron.com,817268689,8/13/1954,9968771368.16
8194518729,Rebeka,Pogg,rpogg43@usatoday.com,55737582,5/4/1946,5192367050.73
6376369821,Emile,Matchett,ematchett44@nyu.edu,8602567439,10/5/1949,182143896.79
9747793886,Caril,Andrioni,candrioni45@prweb.com,4114897371,11/4/1992,5007530519.65
5129279712,Ludovico,Anderer,landerer46@columbia.edu,6088816806,9/1/1981,3030310460.78
1001576572,Kesley,Cree,kcree47@sogou.com,9983755684,9/24/1959,2644969171.86
7163695249,Waverly,Penddreth,wpenddreth48@hao123.com,6436589213,12/6/1907,5266535574.24
4516719012,Lesya,Skynner,lskynner49@dion.ne.jp,215331073,2/25/1948,9985730327.79
1486064577,Phedra,Pawsey,ppawsey4a@uol.com.br,4569062073,12/16/1930,7687870804.56
5164510079,Hedi,Luparti,hluparti4b@bbc.co.uk,1092485085,4/28/1959,3255744163.35
6345505501,Abdel,Vasentsov,avasentsov4c@netvibes.com,920796607,10/30/1955,5119239708.11
572700382,Enrica,Petracek,epetracek4d@bing.com,4953893575,5/15/1918,1062157753.18
6196462129,Catriona,Yewdell,cyewdell4e@springer.com,6041811303,2/12/1924,4587069445.59
1660751093,Nikola,Hatwell,nhatwell4f@godaddy.com,2818227526,2/19/1931,9946302642.94
663747790,Clo,Stedman,cstedman4g@ca.gov,8001218024,7/1/1912,2332406419.7
2606689850,Mariejeanne,Loffhead,mloffhead4h@baidu.com,1518365962,9/29/1989,8313432896.82
7907908439,Alessandra,Duerden,aduerden4i@wordpress.com,1679793960,10/24/1909,7418616595.98
8618406470,Sherwood,Akitt,sakitt4j@wunderground.com,9447399273,2/20/1971,7079992297.2
4664525499,Corina,Dudleston,cdudleston4k@wikipedia.org,9947783853,10/16/1921,9592996832.13
6753343817,Hanni,Tuhy,htuhy4l@weather.com,2248444687,11/8/1989,6242483096.67
3513385355,Justus,Grigor,jgrigor4m@com.com,3706688690,2/16/1930,8915670593.1
6361081619,Vite,Betjes,vbetjes4n@timesonline.co.uk,4783049641,5/14/1909,8633901657.72
9550204643,Ronda,Heller,rheller4o@hud.gov,9742032026,8/8/1999,414772914.79
6205573685,Gardy,Leverton,gleverton4p@printfriendly.com,7644359677,12/12/1906,9836126517.44
5882630943,Vinson,Pragnell,vpragnell4q@webeden.co.uk,4848886984,8/4/1950,5116936467.81
1050284316,Tuckie,Shoutt,tshoutt4r@typepad.com,5699884278,12/3/1986,6919088691.95
6319261158,Sutherland,Bulbrook,sbulbrook4s@gmpg.org,1418323246,2/14/1989,3673183061.85
763238023,Stefanie,Lathwood,slathwood4t@weebly.com,9780442899,3/21/1956,2313728209.88
1837024636,Constancy,Terrington,cterrington4u@google.ca,8832794556,12/27/1978,6535401016.25
7047806881,Ollie,Leynham,oleynham4v@ocn.ne.jp,5167526690,10/13/1994,400207381.14
4280163766,Ariel,Grisley,agrisley4w@liveinternet.ru,627186386,3/8/1910,1415300542.17
3737443321,Steve,Samweyes,ssamweyes4x@digg.com,1741230736,8/7/1959,9209748805.61
8551912879,Tabbitha,Dorkins,tdorkins4y@storify.com,9838297647,11/15/1914,7246448722.36
8076631176,Charlotta,Tythe,ctythe4z@telegraph.co.uk,4854652115,3/9/1955,5916462694.08
2739301100,Carilyn,Cherry Holme,ccherryholme50@hibu.com,1408157425,4/5/1984,848132207.45
2496186186,Marcellus,Hastewell,mhastewell51@irs.gov,1611277334,4/28/1976,9742691307.39
3096098158,Durant,Sworne,dsworne52@rediff.com,344766050,2/9/1923,9998068129.39
5531478304,Daryn,Stitwell,dstitwell53@vkontakte.ru,8656504291,4/3/2000,1558796901.36
1600900933,Dari,Slocum,dslocum54@liveinternet.ru,2309211988,1/31/1996,3750898315.01
4474301938,Ibrahim,Barnwell,ibarnwell55@marketwatch.com,9021042583,5/12/1943,3580486312.84
8923025204,Angy,Waterdrinker,awaterdrinker56@plala.or.jp,7399924744,9/26/1912,8085699983.25
5811858237,Creight,Probets,cprobets57@biglobe.ne.jp,6524699983,1/5/1989,6078922426.43
8798396181,Irwin,Wooddisse,iwooddisse58@google.com,9897753318,2/27/1906,6970285169.81
7871071512,Gwendolen,Nanetti,gnanetti59@admin.ch,1588495064,3/10/1992,4486283434.08
2268845667,Linoel,Paye,lpaye5a@shutterfly.com,6080433926,9/8/1976,1617559401.09
6779374927,Elmore,Pashley,epashley5b@cdbaby.com,8900242276,8/2/1922,2569583365.66
8806792322,Der,Scoble,dscoble5c@examiner.com,1739521707,7/10/1955,5984583198.74
9919320043,Duffie,Bearsmore,dbearsmore5d@last.fm,1928732547,9/6/1989,6680841294.34
6898813668,Myrtie,Novello,mnovello5e@foxnews.com,5582430930,3/31/1967,542202247.7
3652911607,Red,Crole,rcrole5f@imgur.com,9202188440,10/16/1931,5024727433.81
5268480687,Minnnie,Bordiss,mbordiss5g@salon.com,5061633406,11/27/1946,5849605703.24
5154119996,Mariette,Tennick,mtennick5h@hud.gov,7733420832,1/11/1987,6391744457.49
4311765782,Bunni,Newcomen,bnewcomen5i@wisc.edu,8447017095,6/12/1953,8482764263.54
4789629214,Joli,Oake,joake5j@list-manage.com,5073630640,4/12/1911,5298858591.86
6150634084,Deidre,Soots,dsoots5k@chicagotribune.com,5375864731,11/1/1976,6756915860.9
7003311345,Clair,Daldry,cdaldry5l@examiner.com,7771071622,8/28/1913,571051597.13
5986572719,Datha,Penner,dpenner5m@sciencedirect.com,6664754,6/21/1974,7232242879.32
5399167522,Rustin,Ketley,rketley5n@sourceforge.net,7048863565,1/13/1944,9459214120.15
7439084475,Margarete,Monday,mmonday5o@tumblr.com,6813282309,12/5/1932,5885725719.36
9032358786,Trudi,Bredes,tbredes5p@arstechnica.com,8753734576,4/16/1989,8148586258.71
2870886146,Helen,Boxill,hboxill5q@dailymotion.com,8995082743,12/27/1904,3705490074.32
6709622626,Lydia,Saiz,lsaiz5r@usgs.gov,7872908956,8/3/1969,1150056424.15
4105226255,Todd,Meriot,tmeriot5s@technorati.com,9986988013,2/4/1974,8515883401.66
390605792,Kelsey,Soldan,ksoldan5t@whitehouse.gov,2147290092,8/22/1989,9122258717.66
2451613306,Duane,Deedes,ddeedes5u@cbc.ca,18176467,10/26/1984,4094602690.94
9506304221,Daisy,Melbourn,dmelbourn5v@weibo.com,1297158735,6/12/1981,2245547820.13
3868471639,Jobyna,Zeale,jzeale5w@seattletimes.com,8850294446,1/18/1906,2960048998.4
4951215301,Thebault,Curston,tcurston5x@behance.net,5002491653,10/3/1934,6345559713.41
4891548474,Simeon,Whittlesee,swhittlesee5y@google.com.br,5307652139,3/2/1950,2533361687.57
1751254678,Kathe,Parsell,kparsell5z@chron.com,3516741033,3/17/1994,9929964497.07
7743760463,Xerxes,Rummery,xrummery60@diigo.com,3209957932,5/28/1912,9549427589.17
8888089059,Irma,Haselhurst,ihaselhurst61@home.pl,8103038992,9/8/1974,8403874954.26
5790722424,Jaymee,Pretty,jpretty62@nih.gov,6399589443,6/21/1958,9875342636.2
8441059303,Minna,Roselli,mroselli63@chron.com,3630256248,11/12/1900,7661604050.69
9843738391,Benedicta,Baseggio,bbaseggio64@latimes.com,243283188,10/4/1984,9153043439.94
1372607920,Carlin,Leyzell,cleyzell65@tinyurl.com,7321381566,10/13/1906,7915612767.61
8031636900,Luise,Lidgely,llidgely66@google.es,45810755,4/1/1925,8983251883.18
3033758461,Amabelle,Rodgman,arodgman67@pinterest.com,3403521355,8/21/1988,2400670752.17
5108559020,Bartolemo,Kalinke,bkalinke68@edublogs.org,5250906342,11/27/1906,7742672160.44
4099803368,Kattie,Ikin,kikin69@php.net,4969663561,7/28/1947,969483658.25
9388137987,Abbe,MacGillespie,amacgillespie6a@fc2.com,7629188517,4/8/1932,2282498905.86
3968160414,Elvyn,Chalke,echalke6b@cdbaby.com,7796746128,6/20/1951,7995990816.25
955596541,Adda,Meyrick,ameyrick6c@baidu.com,1896174573,5/8/1989,6376842820.61
3765646766,Corney,Tolossi,ctolossi6d@earthlink.net,7595168916,1/4/1999,6099751683.9
5573044527,Mavra,Beddard,mbeddard6e@baidu.com,5150577954,3/6/1927,8504251303.32
1570221502,Douglass,Parradice,dparradice6f@disqus.com,516771881,8/8/1920,9185630986.41
2073553940,Laureen,Abela,labela6g@about.com,5966740122,5/31/1907,3725726571.74
5350367499,Alaster,Frantz,afrantz6h@nhs.uk,1518522443,10/10/1965,2353930548.46
5251087857,Malvina,Deguara,mdeguara6i@unicef.org,9765185289,11/5/1963,9678739282.69
516664482,Benedikt,Billo,bbillo6j@yolasite.com,5786340345,11/28/1947,7021120389.96
5879447639,Chauncey,Crick,ccrick6k@goo.ne.jp,3559952135,10/19/1983,5734996889.8
4818073951,Dewie,Mendonca,dmendonca6l@devhub.com,397412291,12/7/1964,5880685171.2
5812964820,Helaina,Blesdill,hblesdill6m@addtoany.com,7286561100,3/12/1922,7597556291.92
8478640401,Mayne,MacIntyre,mmacintyre6n@gizmodo.com,3086544696,1/18/1956,6772548234.12
4709155785,Wallis,Bonus,wbonus6o@youtu.be,6585210972,6/10/1988,8741843781.87
152405933,Donnell,Train,dtrain6p@blogs.com,7387637164,4/26/1960,8484554599.33
1488789528,Zollie,Rottgers,zrottgers6q@amazon.de,5774786524,8/21/1980,9117840997.61
1600169624,Siffre,Jedrzejewski,sjedrzejewski6r@seattletimes.com,2672496045,2/6/1980,8115738044.1
6042520687,Wilbur,Roughsedge,wroughsedge6s@ted.com,4328867209,4/22/1937,3506862947.15
2004701087,Felipe,Lyver,flyver6t@baidu.com,1394182196,7/17/1925,9915486197.09
804872116,Wenonah,Broadfield,wbroadfield6u@dailymail.co.uk,6379342617,11/18/1945,6164214823.24
2186359368,Annaliese,Theml,atheml6v@oracle.com,7406841450,10/9/1977,7018266596.76
2154425627,Ami,Milbank,amilbank6w@sohu.com,8689774017,8/23/1996,3054679215.87
851028797,Ludovico,Donnersberg,ldonnersberg6x@uol.com.br,8673560794,9/15/1911,9456018131.6
4955172431,Danny,Peters,dpeters6y@bbb.org,3453395647,1/12/1900,9890592960.66
2084699669,Norma,Nissle,nnissle6z@economist.com,4122154387,9/17/1980,9928262745.49
3698367089,Alessandro,Faraker,afaraker70@blogs.com,7798375690,4/20/1947,2004718258.18
383700214,Ashlin,Sussams,asussams71@wikimedia.org,4066874975,2/5/1952,5733923737.89
2239468555,Augustine,Kingsnod,akingsnod72@gov.uk,7867685063,11/14/1911,2260876275.79
5494368005,Keely,Southeran,ksoutheran73@domainmarket.com,327234246,6/19/1908,1719453774.72
3488081636,Dianne,Thaim,dthaim74@hibu.com,1812531647,7/26/1914,6321991213.78
7634840692,Marge,Killeen,mkilleen75@google.it,770861287,12/31/1958,4858184834.45
701495447,Hastings,Wisdom,hwisdom76@ustream.tv,2456426106,2/5/1970,7734226263.37
9829874146,Cherise,Kuhwald,ckuhwald77@yahoo.co.jp,5481473114,1/31/1916,1142891495.37
3283883787,Zora,Stonhard,zstonhard78@usgs.gov,6113746634,3/7/1990,5285879814.99
5498049318,Jared,Andrusov,jandrusov79@geocities.jp,9877794777,2/26/1965,906246946.84
6246264280,Chicky,Wattam,cwattam7a@globo.com,5665253291,6/25/1966,3818134938.95
9996549913,Zeke,Crossfield,zcrossfield7b@sciencedaily.com,7279289429,9/27/1956,7128136961.42
9787226608,Ellyn,Kristoffersson,ekristoffersson7c@gov.uk,8436183324,9/27/1914,2244595265.08
1657668319,Darcey,Gilliland,dgilliland7d@mtv.com,564273656,7/3/1945,3042366017.19
1442713260,Angelina,Sugar,asugar7e@wufoo.com,2328730331,9/21/1917,6501414637.98
6715236944,Raina,Avrahamoff,ravrahamoff7f@cnbc.com,6444263498,4/27/1992,2438105906.48
2889371498,Ailis,Petyakov,apetyakov7g@phpbb.com,8581050509,7/16/1910,3424928448.71
34870393,Ulla,Steffan,usteffan7h@wikispaces.com,4345217822,4/5/1954,3055272131.7
1557540818,Cloe,Hebard,chebard7i@rakuten.co.jp,9623500768,11/20/1923,1970967892.11
1328316282,Gae,Beefon,gbeefon7j@whitehouse.gov,6585133152,9/14/1915,5126730496.88
2878297471,Addy,Goodship,agoodship7k@yandex.ru,9149141111,11/30/1905,6547489464.01
6150172040,Bibbye,Melross,bmelross7l@miibeian.gov.cn,4590815562,7/24/1959,8563319400.66
1447539298,Lauri,Josefsson,ljosefsson7m@delicious.com,8909515546,7/16/1949,8389676369.49
299358975,Nessie,Seery,nseery7n@ocn.ne.jp,1498738519,10/17/1924,8228114708.97
29299555,Valli,Widmore,vwidmore7o@latimes.com,1999545866,12/11/1936,9569856192.85
3765031792,Wolf,Rotlauf,wrotlauf7p@google.de,5288811288,1/28/1922,7615001105.48
4383945490,Belinda,Marchiso,bmarchiso7q@marriott.com,4417793715,9/25/1989,5752492140.42
8891666001,Clarie,Moogan,cmoogan7r@dailymotion.com,3111254816,8/10/1959,5947765989.53
1341425264,Benjie,Boorn,bboorn7s@miitbeian.gov.cn,8311320951,1/10/1965,2291799075.01
1816286317,Tully,Allright,tallright7t@cocolog-nifty.com,594951686,8/12/1998,9178382599.9
6167469974,Rikki,Cullington,rcullington7u@fc2.com,1017693820,5/29/1929,774014114.64
5975231495,Elwira,Raitie,eraitie7v@soup.io,9732482049,1/12/1919,823885399.66
4042150843,Jeremy,Bartrop,jbartrop7w@pen.io,502844103,3/16/1952,4146230818.26
9123087844,Cass,Gratten,cgratten7x@sohu.com,8564088353,6/12/1904,9231060172.35
1908952323,Zed,Birtonshaw,zbirtonshaw7y@cnbc.com,8794536191,4/7/1979,1446347753.07
3012309246,Terrell,Turnor,tturnor7z@squarespace.com,2828536493,10/16/1967,786113212.09
150071296,Lorena,Irons,lirons80@w3.org,7117819637,3/5/1922,234044047.84
7067966937,Pascal,Croan,pcroan81@hhs.gov,1985072495,3/15/1931,1468700590.5
8808957578,Kara-lynn,Philipart,kphilipart82@independent.co.uk,1390859197,1/3/1976,3992334026.83
2418562821,Colby,McFie,cmcfie83@mail.ru,8172113034,12/16/1961,2753229889.06
4271664855,Minerva,Bolt,mbolt84@gravatar.com,5384259196,6/20/1984,6859011574.3
31945846,Suzy,Dwelley,sdwelley85@blinklist.com,4613867476,1/4/1901,1808646103.23
4583320509,Herbie,Asling,hasling86@123-reg.co.uk,1063313552,8/16/1941,5219036550.32
8759736218,Nanny,Trazzi,ntrazzi87@is.gd,3500475069,12/22/1979,348060845.14
9473322154,Patrice,Maggiore,pmaggiore88@wp.com,3006763641,3/31/2000,4816167210.84
9156654438,Zora,Smieton,zsmieton89@earthlink.net,3304553526,7/27/1905,969015544.62
4572932909,Brady,Emmins,bemmins8a@engadget.com,8607102087,9/30/1971,5158678865.32
6916480873,Waring,Raecroft,wraecroft8b@is.gd,6940764153,1/31/1917,2935677665.7
5814129952,Mil,Arnowitz,marnowitz8c@reverbnation.com,583265214,4/19/1933,5888646277.63
4734709638,Godfrey,Philpot,gphilpot8d@hhs.gov,9699089768,12/20/1999,6020952999.02
3783343506,Belia,Sesser,bsesser8e@livejournal.com,1619072605,2/28/1972,2140060620.67
4406317793,Dieter,Wimmers,dwimmers8f@unc.edu,3042941435,8/8/1930,4384734481.55
2458739762,Roxane,Sholl,rsholl8g@hc360.com,5575403097,7/17/1937,8269114407.2
5614743040,Nicola,Maddocks,nmaddocks8h@loc.gov,1873643444,9/14/1966,236143506.39
1673171477,Audrey,Smalcombe,asmalcombe8i@google.ru,7632980645,11/7/1932,4366987327.46
99687764,Klement,Willmetts,kwillmetts8j@wiley.com,2652141608,3/26/1918,8431499566.19
2099730185,Kirsten,Bartaloni,kbartaloni8k@loc.gov,1902887242,2/7/1906,6952642952.08
2763485970,Jeannine,Wrench,jwrench8l@jigsy.com,9772574406,4/4/1968,3390968734.87
1395995344,Tressa,Kellaway,tkellaway8m@i2i.jp,8028147625,11/9/1926,5129033745.14
8276955480,Maxy,Jandourek,mjandourek8n@upenn.edu,3142743214,10/6/1991,4801243200.14
2897911949,Suzette,Rawlcliffe,srawlcliffe8o@etsy.com,5671784246,11/4/1985,7333486212.94
3427532889,Claudine,Tummasutti,ctummasutti8p@canalblog.com,8621007135,9/17/1966,8447727355.87
5948539626,Rossie,Nelles,rnelles8q@reddit.com,8124516697,6/16/1905,4240801481.31
6147692599,Michele,Walch,mwalch8r@twitpic.com,3616308869,6/20/1947,9521604177.22
7850185772,Raven,Stanner,rstanner8s@ask.com,2834983041,6/9/1922,9600867968.69
9036985011,Nertie,Begg,nbegg8t@webeden.co.uk,8208601742,9/30/1963,4855180165.58
3782331243,Penelope,Penwright,ppenwright8u@mac.com,7238081007,7/27/1917,7837697501.51
6763194700,Annaliese,Lidgerton,alidgerton8v@geocities.com,7952104162,2/26/1960,3157617602.02
8843267142,Kass,Leat,kleat8w@spiegel.de,7022605883,8/8/1990,543131336.05
6695260781,Hildegarde,Larcier,hlarcier8x@huffingtonpost.com,488965295,10/24/1932,1205140406.59
7231455081,Dulcinea,Burgen,dburgen8y@census.gov,9370108387,4/9/1951,9605322119.07
1921929192,Fidelity,Deering,fdeering8z@pen.io,1362077852,6/6/1980,8038611137.72
6882664367,Jonis,Kyncl,jkyncl90@imdb.com,8203251597,1/4/1933,5407327310.18
4500733041,Joellyn,Patchett,jpatchett91@amazonaws.com,7534227104,10/29/1905,7529928435.34
1655857640,Vicky,Dupoy,vdupoy92@gnu.org,3445446596,11/21/1986,1614093840.02
1128667300,Mada,Raff,mraff93@ovh.net,4224164393,4/1/1914,9357766323.89
9130319315,Ardelle,Daspar,adaspar94@technorati.com,6495372395,12/24/1994,427104414.52
1002901998,Natale,Cersey,ncersey95@google.com,7933923358,7/24/1920,8166256592.75
4184988427,Bill,Clarson,bclarson96@google.fr,2212433874,4/17/1996,8659108195.0
7437593452,Oren,Grahl,ograhl97@vk.com,240437037,10/19/1960,597515317.32
3487306487,Elena,Plumtree,eplumtree98@marketwatch.com,9073794165,2/12/1973,6106539554.42
7610337768,Elsey,Papachristophorou,epapachristophorou99@photobucket.com,7597401923,9/8/1940,5887889375.35
3281163682,Bernadette,Elwell,belwell9a@scribd.com,8619106235,10/28/1902,900774276.25
804461331,Ray,Reynolds,rreynolds9b@utexas.edu,1275429403,10/29/1952,1944879023.76
6865587065,Chanda,Vallance,cvallance9c@spiegel.de,6875989370,12/8/1979,3948043471.44
653461044,Leandra,Rawet,lrawet9d@yandex.ru,8759420330,9/8/1907,6232627029.67
2376648997,Saba,Axtonne,saxtonne9e@boston.com,2549909818,5/16/1939,149147977.35
1848923243,Loren,Creaven,lcreaven9f@people.com.cn,7007660451,4/20/1908,143199761.19
4688145962,Ali,McClune,amcclune9g@geocities.jp,86664172,3/11/1912,2759772941.69
2692343642,Ermanno,Esmonde,eesmonde9h@si.edu,6173468429,6/2/1914,1580908691.52
1855585787,Edwin,Kissack,ekissack9i@odnoklassniki.ru,8885322025,2/6/1923,8894388902.2
5024049312,Mildred,Mingaye,mmingaye9j@delicious.com,5001798451,7/10/1910,993284752.26
6381529287,Tracy,Alphonso,talphonso9k@sciencedaily.com,812254170,3/27/1959,2139344880.97
2287491514,Abraham,Garrold,agarrold9l@zdnet.com,9810663419,4/21/1905,4797124573.66
8495047365,Allegra,Fortesquieu,afortesquieu9m@cbsnews.com,3785657400,9/7/1946,8167398144.57
500513761,Leonora,Houchen,lhouchen9n@sitemeter.com,8171112320,5/27/1953,9398141355.0
3246313098,Georg,Unitt,gunitt9o@icio.us,8435448509,10/5/1986,8394862270.25
9297738090,Jerrine,Cockrill,jcockrill9p@devhub.com,5734836501,6/23/1926,5438187325.56
3066217755,Mathe,Krochmann,mkrochmann9q@seattletimes.com,6527975885,11/7/1972,2296965634.63
8947016452,Ignace,Theis,itheis9r@qq.com,8862384487,2/26/1917,3226267388.27
6139967095,Philippine,Fawcus,pfawcus9s@cdc.gov,8867053782,4/3/1915,5121340359.59
5124067679,Hermie,Lockier,hlockier9t@tamu.edu,1676216812,1/22/1987,3486375452.45
1406012840,Paloma,Lill,plill9u@princeton.edu,5193498969,10/16/1911,3360841102.53
1601644344,Jakob,Quadrio,jquadrio9v@ning.com,2496025510,12/31/1944,1824542461.42
7011731454,Janna,Neilly,jneilly9w@psu.edu,1207984333,11/12/1904,1881925563.08
6407392699,Ninnetta,Treadgear,ntreadgear9x@mashable.com,6725389739,6/20/1998,4067815733.49
1582415090,Gordy,Dudney,gdudney9y@mail.ru,8447758657,6/4/1997,9545383663.73
2425277437,Christian,Scanderet,cscanderet9z@bigcartel.com,5156196994,7/11/2000,3097285567.2
1618499462,Kylen,Ormrod,kormroda0@merriam-webster.com,7399678527,8/30/1976,5758215063.05
7162292075,Ollie,Shipman,oshipmana1@amazon.co.uk,6317901617,11/24/1903,3821956085.28
3147506853,Berne,Faustin,bfaustina2@npr.org,7969033208,2/1/1965,964990409.61
9642557085,Tina,Renshaw,trenshawa3@is.gd,6847515483,1/28/1955,439788566.39
8025848037,Jeannine,Cuttles,jcuttlesa4@topsy.com,7295149783,10/23/1920,5057513354.18
5594230515,Robbin,Barnaclough,rbarnaclougha5@google.com,9726271514,9/30/1940,9132453320.45
3026267424,Andy,Torrecilla,atorrecillaa6@zdnet.com,9226048554,8/13/1913,9004385546.04
4053122804,Waldon,Iorio,wiorioa7@wp.com,9937204158,6/17/1964,5775218597.47
9828873362,Sharlene,Balhatchet,sbalhatcheta8@si.edu,980615619,11/20/1919,6607048122.32
50664411,Loise,Covely,lcovelya9@vkontakte.ru,5932316148,1/2/1912,564354891.06
9093060025,Keene,Tolliday,ktollidayaa@samsung.com,8561425193,8/7/1964,7705623183.07
5151864738,Samuele,Blumsom,sblumsomab@chronoengine.com,9599125164,4/5/1962,586753741.57
3947223824,Emmalynn,Gianasi,egianasiac@slideshare.net,1942912174,6/25/1923,8457565975.48
8569932503,Celle,Skeggs,cskeggsad@nationalgeographic.com,4387229428,10/20/1916,1599796449.26
4344113103,Krishna,Jirik,kjirikae@altervista.org,3465373570,10/15/1946,680875230.49
2669146086,Mersey,Goggen,mgoggenaf@fema.gov,6219140334,1/23/1917,6441924052.32
4466143248,Margaret,Watkiss,mwatkissag@tmall.com,6307688958,11/22/1977,6626298213.08
2310758386,Dennie,Newark,dnewarkah@hp.com,3506833119,9/17/1958,4750499307.89
2420036766,Harald,Sandiford,hsandifordai@europa.eu,7760796175,9/16/1988,3517509946.79
2190148562,Farica,Leathlay,fleathlayaj@wired.com,5358482785,9/24/1997,6862956339.67
4167240878,Ofilia,Rapps,orappsak@ucoz.ru,6020619925,11/6/1969,4501845082.9
342577905,Carmina,Rishman,crishmanal@printfriendly.com,7881270463,2/3/1991,7126591547.92
4687345270,Eleanora,Sieve,esieveam@scribd.com,3366445148,1/20/1977,23852285.87
8422192466,Terri,Ferreres,tferreresan@si.edu,3802479278,10/22/1911,6930718985.08
6663870094,Anette,Farnall,afarnallao@cisco.com,5792926650,1/12/1959,3118133120.25
6375752907,Charlot,Luigi,cluigiap@cisco.com,1256486334,4/4/1976,6170233886.8
8246515536,Lucina,Marians,lmariansaq@tuttocitta.it,3814669541,5/18/1937,4914404519.09
5493986574,Raffarty,Layborn,rlaybornar@topsy.com,6769655952,10/23/1951,8050907938.6
913191914,Cicily,Hortop,chortopas@smh.com.au,9557233316,4/15/1919,3283922501.03
7183457839,Simmonds,Heffy,sheffyat@nationalgeographic.com,6861916252,1/10/1959,1450108281.76
490302839,Tiphanie,Ferrotti,tferrottiau@ft.com,4753857901,5/2/1916,4792363541.79
9317464816,Dominik,Kunath,dkunathav@opera.com,5088696699,8/2/1991,9294214641.56
6023717028,Corty,Sall,csallaw@unc.edu,1064660887,10/22/1959,3970477658.69
2209137412,Carling,Papen,cpapenax@feedburner.com,8182284906,1/23/1944,7609881980.14
3395348154,Rici,Feldmark,rfeldmarkay@harvard.edu,2664098450,5/13/1949,6736315777.7
2056202361,Fernanda,Ungerecht,fungerechtaz@multiply.com,9408715969,12/31/1989,3632834494.12
7826885422,Germaine,Kemery,gkemeryb0@google.com.br,9224381361,4/6/1957,9576399821.24
8311047763,Jammie,Downing,jdowningb1@goo.ne.jp,2274193629,11/29/1952,8098061762.46
2846125217,Colan,Stute,cstuteb2@umich.edu,2522361820,8/18/1940,7296200386.29
1926509111,Lotta,Gregore,lgregoreb3@mapy.cz,227811943,1/13/1957,3832194856.05
8493244585,Jarred,Conisbee,jconisbeeb4@huffingtonpost.com,2669113327,5/26/1971,5200416322.19
7630853178,Emalia,Rotte,erotteb5@alibaba.com,5704441936,7/3/1962,720951494.34
9440149876,Jennette,Kupker,jkupkerb6@usda.gov,2537121179,12/25/1938,2674621438.03
6024379658,Conrado,Dismore,cdismoreb7@unicef.org,919374042,9/23/1905,5708016549.58
3946435671,Valida,Wingham,vwinghamb8@typepad.com,9779582993,9/3/1990,9524750785.05
9987770669,Tracie,Gammidge,tgammidgeb9@pcworld.com,2127286916,7/5/1964,6084199292.04
9362354841,Malissa,Ferrie,mferrieba@about.me,3289334521,9/6/1968,555117083.15
486295572,Clareta,Brash,cbrashbb@goodreads.com,6797074393,3/6/1910,669627386.95
3635249478,Yetta,Boucher,yboucherbc@odnoklassniki.ru,5899953671,2/7/1940,9966527241.31
7310453560,Mathilde,Benford,mbenfordbd@baidu.com,1629590018,6/27/1954,5200942015.35
8920788744,Odelinda,Readings,oreadingsbe@drupal.org,1182389048,6/23/1950,3181238837.13
255104269,Sandye,Jankiewicz,sjankiewiczbf@skyrock.com,5910253850,12/19/1977,233249012.72
2777482717,Payton,O'Downe,podownebg@360.cn,7171374024,1/13/1932,5416393977.1
5491385172,Giorgio,Karpenya,gkarpenyabh@unicef.org,6444990340,1/15/1929,6894050540.29
1837375854,Robbert,Schoffel,rschoffelbi@marketwatch.com,7081079153,10/17/1910,78074186.39
1157808320,Lindy,Truett,ltruettbj@slideshare.net,9764308158,12/2/1902,1746681619.77
9976410150,Nonah,Hatley,nhatleybk@facebook.com,8057752494,11/18/1954,1972394859.77
3326168175,Rae,Pincked,rpinckedbl@epa.gov,4194288605,1/22/1997,1410952983.82
5639474598,Whittaker,Vassano,wvassanobm@dedecms.com,4177978935,9/11/1972,5514992987.32
848328534,Asia,Srutton,asruttonbn@tuttocitta.it,4871443506,3/5/1958,8367932608.49
7655386417,Adolphe,Kattenhorn,akattenhornbo@networkadvertising.org,1296391496,6/19/1971,8933990129.89
7349938958,Agace,Thaw,athawbp@amazonaws.com,3439714956,4/25/1943,6217282435.58
5866227345,Raye,Bothe,rbothebq@pen.io,3996545310,5/26/1936,9316518121.21
875717024,Mike,Harbour,mharbourbr@dedecms.com,1311757864,11/19/1904,8445007000.67
4334535042,Northrup,Gerriet,ngerrietbs@pcworld.com,1256105872,9/29/1984,4010799922.16
9793607070,Orion,Kestin,okestinbt@netlog.com,3709449776,4/6/1990,4543364994.54
4960791440,Theodosia,Harris,tharrisbu@goodreads.com,7959000543,5/3/1907,8625811859.22
3322309062,Ange,Gann,agannbv@vistaprint.com,4387636928,4/30/1943,5906488789.09
4176230256,Drusie,Fawcett,dfawcettbw@google.fr,3749535928,5/6/1968,6628117784.28
6738853513,Emmit,Mordin,emordinbx@imageshack.us,8801030661,9/18/1971,6834015460.42
1942069930,Gerianna,Eastup,geastupby@cdc.gov,3547746210,8/29/1933,6507083606.08
3602044844,Rikki,Nelthrop,rnelthropbz@ucsd.edu,9358692901,6/15/1974,5008274648.37
7229856352,Caryl,Basire,cbasirec0@shareasale.com,4327215564,3/11/1959,211817625.18
5939373358,Sammy,Melley,smelleyc1@twitter.com,72638588,7/22/1912,7565929656.16
3158682344,Amaleta,Bowbrick,abowbrickc2@oaic.gov.au,158020236,4/19/1945,215442736.75
1946092432,Guthrie,Quogan,gquoganc3@parallels.com,7265225239,3/26/1921,9426403500.59
2427672275,Zed,Darbon,zdarbonc4@blogspot.com,9392199755,11/6/1975,9934378896.2
8362941055,Tandie,Worsnip,tworsnipc5@twitter.com,551344284,2/10/1973,5562841164.9
4413309724,Stevie,Krimmer,skrimmerc6@shareasale.com,1515363279,7/7/1937,2468365976.96
7277211870,Clarine,Clooney,cclooneyc7@plala.or.jp,2152428949,7/23/1950,6920380631.9
2495096223,Sayre,Kilgrove,skilgrovec8@edublogs.org,6790278276,9/26/1920,9535473857.2
1220613171,Morry,Pennigar,mpennigarc9@privacy.gov.au,6597903488,9/13/1959,4759032014.29
9154780482,Rosanna,Kytter,rkytterca@51.la,6987951745,7/27/1921,6389716293.07
2896152811,Vivia,Shervington,vshervingtoncb@home.pl,9361054651,7/24/1911,2446282458.39
334818075,Wiatt,Callear,wcallearcc@intel.com,6090622266,5/22/1905,1955466281.4
4705885749,Alia,Iglesia,aiglesiacd@yolasite.com,7408345853,2/17/1964,2656773146.81
4139449758,Cordie,Domesday,cdomesdayce@cornell.edu,9847891223,1/31/1986,6141330713.69
6109270812,Serena,Terlinden,sterlindencf@uol.com.br,2747702105,12/18/1995,7948551719.01
7621054514,Marilyn,Lubomirski,mlubomirskicg@princeton.edu,8750645401,11/14/1989,5459450902.06
7953351128,Diena,O'Neill,doneillch@mail.ru,9498615534,10/4/1909,242171148.26
3564327428,Caren,Boice,cboiceci@networksolutions.com,8165451016,2/11/1999,9773987673.92
4475944911,Stuart,Affuso,saffusocj@typepad.com,1705527259,2/27/1996,7489178630.96
8454201086,Garwin,Frichley,gfrichleyck@nyu.edu,5354437254,4/12/1995,6148274822.17
3880711335,Dov,Cotgrove,dcotgrovecl@imdb.com,873076793,6/30/1932,7183376431.68
2304431446,Nicko,Ilyenko,nilyenkocm@cisco.com,1932025090,9/22/1917,8335428230.94
1763634933,Rodrigo,Ridd,rriddcn@blogger.com,6803945023,2/1/1981,592337746.13
2273022761,Rivi,Chaperling,rchaperlingco@reference.com,9668950891,11/17/1924,6627352403.11
493822340,Kelly,Compford,kcompfordcp@sciencedaily.com,5672940507,4/18/1904,1455589688.93
268902706,Raquel,Jodrellec,rjodrelleccq@harvard.edu,2740533137,7/22/1977,7829717687.98
3949977823,Kerwinn,Nurden,knurdencr@cbslocal.com,2022716946,2/15/1972,5829934818.3
658356779,Caralie,Selman,cselmancs@google.ru,7432488473,8/18/1976,8300574353.12
3687929590,Adela,Crisford,acrisfordct@ca.gov,685925617,7/7/1903,6664234562.47
2711823802,Baird,Blaylock,bblaylockcu@bigcartel.com,9663523008,6/18/1901,2359880494.91
8246813473,Charlena,Verlinde,cverlindecv@wiley.com,3100402703,5/23/1950,3734586845.52
2809079084,Darline,Point,dpointcw@webmd.com,9163185532,2/18/1956,4339154980.14
8266043942,Artemus,Bushaway,abushawaycx@independent.co.uk,8888178994,12/27/1905,3298286736.3
1880437242,Lissi,Arbuckle,larbucklecy@seattletimes.com,5818286714,9/22/1929,3120226585.07
1563454084,Basile,Barta,bbartacz@youtu.be,1178594576,9/9/1959,7262956914.84
5988114600,Evaleen,Barsam,ebarsamd0@google.co.uk,8134351224,1/25/1955,8028171306.86
5963352882,Booth,Pyffe,bpyffed1@wikia.com,1606482967,12/2/1965,8299015880.04
622832518,Buckie,Thamelt,bthameltd2@wsj.com,8863798321,4/2/1947,1138636834.08
5734715875,Carie,Albiston,calbistond3@forbes.com,2293414805,9/2/1933,7555976071.62
1482229350,Zebedee,Crebo,zcrebod4@comsenz.com,8938843358,2/12/1995,1202953863.08
9082289179,Earl,Marciek,emarciekd5@webmd.com,7215591494,5/22/1933,4702763607.87
9372957330,Abbott,Dunnett,adunnettd6@tinypic.com,401616953,1/24/1976,6794319637.57
2455458415,Audra,Livett,alivettd7@youtube.com,7111785721,7/15/1928,1960117700.43
4096403840,Brynna,Charte,bcharted8@amazon.co.jp,2728286109,9/2/1936,2006012206.42
5506761460,Kaycee,Trowell,ktrowelld9@delicious.com,8351210771,3/27/1945,2727103146.25
7128488841,Jean,Fidler,jfidlerda@plala.or.jp,6884546562,10/2/1975,6613447244.86
3049166115,Lorita,Leadbitter,lleadbitterdb@1688.com,6560400680,11/6/1935,5450775193.08
505427119,Ealasaid,Caldron,ecaldrondc@senate.gov,1034832846,7/11/1994,7044697470.24
9937909412,Tabatha,MacGiffin,tmacgiffindd@nifty.com,7223536226,11/14/1968,6925521249.4
2484639374,Erek,Dregan,edregande@google.es,9730885400,3/26/1978,8775343501.33
9876697726,Ole,Pawsey,opawseydf@mozilla.org,1601636672,7/23/1925,2774855348.64
718939576,Neel,Fidock,nfidockdg@wunderground.com,9867418022,11/19/1936,175493265.19
2692164256,Ammamaria,Phlipon,aphlipondh@list-manage.com,6486943029,1/26/1943,5259375673.85
1683785379,Seline,Craft,scraftdi@digg.com,4524353344,3/18/1932,6905182024.06
9298376828,Aguste,Michie,amichiedj@blinklist.com,6758590266,8/5/1954,2622100619.15
2916013238,Margarita,Balderston,mbalderstondk@toplist.cz,4455173885,8/19/1986,864732965.29
7457535345,Charlene,Braime,cbraimedl@aboutads.info,3411835511,2/18/1977,2487377451.8
1246228638,Kippie,Higgen,khiggendm@joomla.org,7549069218,10/15/1997,9978704463.34
6130697172,Marlin,Ferentz,mferentzdn@mail.ru,8085156339,3/24/1900,2408447133.87
7616148441,Easter,Wackley,ewackleydo@seattletimes.com,5638801671,12/5/1982,2792269450.04
5377269746,Felice,Lavrick,flavrickdp@craigslist.org,9098274200,7/17/1913,1182283267.08
4885427941,Silvia,Kilford,skilforddq@google.cn,558392304,10/14/1921,2073323763.43
6014842643,Adena,Turfitt,aturfittdr@bing.com,8776420585,5/17/1910,1244552099.62
7324230774,Ardeen,Gerardi,agerardids@canalblog.com,2152758051,10/2/1970,4209908168.76
900519727,Tommy,Temple,ttempledt@netvibes.com,9926876642,8/7/1919,999338950.92
2975708749,Walt,Melato,wmelatodu@friendfeed.com,6559608211,5/27/1926,754320699.93
7946515515,Cele,Tremble,ctrembledv@sciencedirect.com,691446622,12/19/1905,3188573000.05
6556601252,Othello,Ferreira,oferreiradw@i2i.jp,5778059849,1/15/1919,4716116509.5
6754027850,Farica,Garstan,fgarstandx@bigcartel.com,2317087582,10/16/1982,3969588958.5
7806020862,Donni,Polycote,dpolycotedy@prlog.org,5023622578,3/20/1914,6412901597.74
6873248068,Guinevere,Heintze,gheintzedz@ebay.com,3319829806,1/3/1902,4931061201.12
6693048424,Claudia,Mayte,cmaytee0@house.gov,2336659080,8/25/1913,4137115440.6
1841426392,Sam,Bouchard,sboucharde1@free.fr,2729264213,8/8/1911,4814480321.56
7297450375,Johnathan,Foucard,jfoucarde2@ocn.ne.jp,6655232282,1/27/1966,5609688272.85
1249764703,Zenia,Partlett,zpartlette3@smh.com.au,8296135549,3/7/1963,60620934.73
6613615030,Larisa,Gilstoun,lgilstoune4@wiley.com,9927787128,10/3/1939,2445754218.12
5347909065,Laureen,Doy,ldoye5@furl.net,5330499029,1/18/1935,3053530198.66
2172015611,Leland,Haster,lhastere6@icq.com,1198593618,4/13/1943,3050096550.31
3938534614,Ariel,Jandl,ajandle7@github.io,620632917,3/31/1959,5891301839.63
4987861725,Edith,Milius,emiliuse8@spotify.com,7562109259,4/13/1990,3013208495.98
4365139678,Valene,Tyrwhitt,vtyrwhitte9@washingtonpost.com,542878781,3/26/1988,1775353717.49
5116468448,Aundrea,Hekkert,ahekkertea@dion.ne.jp,4030453177,12/14/1990,1966784188.29
5684663419,Adriano,Langan,alanganeb@salon.com,9344453669,6/19/1965,849805855.03
5522997819,Charis,McGrudder,cmcgrudderec@businessweek.com,3328361136,7/6/1916,6700144050.99
9755556994,Jesus,Davall,jdavalled@paginegialle.it,4781413899,1/31/1908,8890981267.9
8813377218,Wynn,Jirka,wjirkaee@myspace.com,1767441260,5/27/1956,4655734986.95
8928038658,Herby,Wasteney,hwasteneyef@so-net.ne.jp,9275830020,12/27/1988,1675617678.91
8933664603,Dari,Milley,dmilleyeg@g.co,5454647621,6/2/1992,4518242708.49
7186555271,Karole,Ciccotti,kciccottieh@miibeian.gov.cn,6110280306,6/7/1982,373087696.83
3664556220,Pearla,Connerly,pconnerlyei@netlog.com,6908524683,10/12/1949,4706115639.94
9930923456,Margeaux,Reany,mreanyej@cdbaby.com,6275262654,1/16/1909,667314188.02
9640675982,Suzie,Rolfini,srolfiniek@merriam-webster.com,9976380379,8/21/2000,2983951281.32
8042882999,Granger,Pratte,gpratteel@comsenz.com,551242759,4/11/1930,1613875178.86
732759585,Ruthie,Gooders,rgoodersem@soundcloud.com,6261968551,4/21/1922,9655070050.56
8113410906,Darby,Pharaoh,dpharaohen@trellian.com,3329644824,7/18/1951,3169730136.72
6041925690,Cal,Gurner,cgurnereo@imdb.com,1855784266,11/6/1951,3010004203.99
7890898992,Boy,O'Farris,bofarrisep@miibeian.gov.cn,672021626,3/11/1969,9971332541.19
9208725273,Teri,Burrill,tburrilleq@mac.com,4773417095,5/17/1904,9751069750.65
1531344014,Weidar,Djekovic,wdjekovicer@youtube.com,6761441467,8/31/1937,7166886730.33
6154035697,Codi,Ide,cidees@state.tx.us,6062613097,9/20/1921,8262312261.31
3855995361,Kristin,Geockle,kgeockleet@godaddy.com,7293261616,5/23/1968,8540224847.52
3341707234,Sashenka,Cleef,scleefeu@wiley.com,4944724,12/13/1974,2216625851.93
9173549910,Krystal,Simacek,ksimacekev@zimbio.com,9286827049,9/5/1988,248325356.99
9442690957,Lucian,Fairnie,lfairnieew@mediafire.com,5373563742,12/6/1982,8281506966.53
8639873311,Kane,Kidstoun,kkidstounex@wikimedia.org,7373257030,3/10/1917,9800770763.66
7248178073,Zackariah,Pratton,zprattoney@shop-pro.jp,5143609867,2/6/1948,5502523088.62
4783560979,Hazel,Burbridge,hburbridgeez@aboutads.info,2470101802,6/16/1936,434184240.38
7078476563,Randi,Sankey,rsankeyf0@artisteer.com,8622668115,9/1/1980,535781844.48
1768625772,Grantley,Baumann,gbaumannf1@parallels.com,4548713142,1/8/1956,8100163307.17
8672140758,Jenilee,Bamling,jbamlingf2@sun.com,6606324244,9/6/1979,2981072452.93
4805453081,Purcell,Ing,pingf3@domainmarket.com,6679626143,8/20/1974,3875863441.35
4686710854,Corinne,McNicol,cmcnicolf4@vimeo.com,6415306359,12/28/1977,2891783991.2
3114248464,Alethea,Bonnefin,abonnefinf5@flavors.me,297801662,7/4/1924,2884557630.31
9826289858,Tadeo,Blackbrough,tblackbroughf6@feedburner.com,2187514879,9/15/1915,8054055394.2
740767705,Bale,Sparey,bspareyf7@cornell.edu,1221585325,5/3/1910,2669944508.3
7618873821,Stanford,Vezey,svezeyf8@nytimes.com,4427348569,1/20/1976,3759389213.2
7147795070,Ibby,MacQuist,imacquistf9@xing.com,1394989954,1/11/1996,2778614221.56
8958467291,Shantee,Angerstein,sangersteinfa@wiley.com,5503424518,11/6/1989,4295000830.76
2065880339,Maryjo,Hames,mhamesfb@globo.com,4380904953,5/17/1907,438046231.95
9358356207,Lezlie,Madgewick,lmadgewickfc@cbsnews.com,635785567,10/14/1901,5490869977.87
9442392572,Tremain,Suermeiers,tsuermeiersfd@usda.gov,6213895768,10/28/1936,5963465269.59
7853786057,Lyndsie,Pharrow,lpharrowfe@telegraph.co.uk,7539803436,5/12/1986,733065346.96
3440189436,Rex,Renshaw,rrenshawff@washingtonpost.com,1858663453,9/23/1908,229298730.23
8030412796,Wesley,Clail,wclailfg@adobe.com,6577844147,4/15/1937,9134112011.5
1493906878,Torey,Jakoviljevic,tjakoviljevicfh@narod.ru,3221454167,7/5/1906,4229901311.04
3464378057,Erma,Minto,emintofi@51.la,9211450846,4/25/1944,5766863866.69
8118926778,Danie,Soulsby,dsoulsbyfj@usda.gov,3712137246,1/1/1977,761664794.16
8468978119,Tuckie,Heavyside,theavysidefk@t.co,2194028146,4/7/1948,4257947336.44
4789142244,Cullie,Scade,cscadefl@sciencedirect.com,4229107488,7/24/1909,4177576836.08
3726021995,Gibb,Bourgeois,gbourgeoisfm@amazon.co.uk,3541780338,4/9/1975,5211839541.16
981735763,Jan,Markova,jmarkovafn@amazon.com,8569832384,3/19/1964,7191432858.51
4657291446,Luther,Patershall,lpatershallfo@wisc.edu,1159050363,10/11/1985,3490691745.14
7011045816,Brion,Bruty,bbrutyfp@stanford.edu,9456322089,5/18/1907,445470826.35
8223252424,Christie,Cardello,ccardellofq@ow.ly,5141269793,4/19/1948,5047065661.78
6590026273,Christiane,Abbett,cabbettfr@npr.org,6144367723,1/25/1949,576601925.87
3258869001,Sula,Schermick,sschermickfs@indiatimes.com,5800490049,10/7/1937,1573364532.06
4398882656,Lucias,Crocroft,lcrocroftft@bbc.co.uk,5887868432,12/27/1995,864296576.91
4478420666,Fawnia,Rickaby,frickabyfu@ovh.net,381140909,2/17/1934,6550188428.51
245577618,Malinde,Teresa,mteresafv@macromedia.com,2074741480,6/21/1905,6799217087.14
3504179409,Sallyann,Acheson,sachesonfw@buzzfeed.com,8453136309,9/12/1902,5841580498.87
3828385884,Sybila,Smy,ssmyfx@sciencedirect.com,2746155169,9/14/1945,144139596.48
3304160807,Benni,Sainteau,bsainteaufy@dyndns.org,1539452723,7/2/1951,4220370711.81
5965752984,Kerianne,Linton,klintonfz@bandcamp.com,9988995506,3/10/1913,8571539823.42
9734906032,Ty,Phillcox,tphillcoxg0@flavors.me,6736274950,4/24/1905,9992511357.71
1740519459,Charmion,Armitage,carmitageg1@umich.edu,1362094724,8/13/1977,9623017680.65
2985145630,Dacia,Edwards,dedwardsg2@narod.ru,2162658021,7/22/1955,7910250332.61
8670103531,Thain,Weekes,tweekesg3@cdc.gov,3495630633,6/3/1914,3628338877.4
1466052030,Tynan,Le Brum,tlebrumg4@wikispaces.com,2605221572,2/5/1962,7822862672.19
3317623628,Saraann,Benedict,sbenedictg5@sohu.com,6817661209,12/2/1936,8100645853.04
570847039,Andromache,McAlarney,amcalarneyg6@drupal.org,243755425,1/4/1976,7219075012.33
5007781778,Umberto,Jirasek,ujirasekg7@craigslist.org,8641986459,5/14/1999,2006252890.5
2039971190,Myrtia,McGraffin,mmcgraffing8@tumblr.com,1916818687,1/6/1955,5485189463.18
730119406,Finn,Grinikhin,fgrinikhing9@ox.ac.uk,7942239683,5/9/1908,8904201278.76
831663320,Sarine,Mosen,smosenga@marriott.com,1249981646,2/6/1996,7511156883.48
8202901678,Fionnula,Garci,fgarcigb@addtoany.com,4390199636,12/12/1999,348013078.33
2061483744,Faydra,Jaquet,fjaquetgc@about.me,9853801702,7/7/1901,7712970719.01
2961612651,Ricard,Hildrew,rhildrewgd@csmonitor.com,8614227989,5/21/1955,6607211079.51
1593431858,Karisa,Refford,kreffordge@shutterfly.com,4893898300,9/16/1987,7283238909.37
6036590085,Brittan,Grealy,bgrealygf@huffingtonpost.com,5986276249,1/14/1996,1804291490.36
947837408,Fenelia,Levison,flevisongg@google.com,4998847465,10/4/1963,4383075667.19
9692299350,Gretal,Westoll,gwestollgh@marriott.com,5694921783,6/21/1906,4691539385.02
2132381754,Tamra,Barczynski,tbarczynskigi@purevolume.com,1989500548,3/6/1996,3289004009.42
4916417046,Natalya,Keyden,nkeydengj@examiner.com,5464398749,12/26/1906,7350644912.88
7609350235,Sergio,Lummis,slummisgk@tumblr.com,6315019461,1/21/1948,6232307230.36
210331886,Fletch,Bernhart,fbernhartgl@cornell.edu,7018455953,4/19/1923,3661481548.35
1399565876,Sonny,Theuss,stheussgm@nsw.gov.au,2795085222,11/7/1936,1864651727.37
6902141075,Evie,Barczynski,ebarczynskign@webs.com,489840196,11/2/1975,9574969504.26
6004617405,Walker,Allmen,wallmengo@vimeo.com,408460357,3/10/1982,3967913200.43
5723916162,Tobe,Esland,teslandgp@symantec.com,1563911513,4/19/1917,7165087176.81
4863480194,Reeva,Vidyapin,rvidyapingq@phpbb.com,16496830,12/23/1900,6131352306.2
9990813604,Gabbi,Woolis,gwoolisgr@histats.com,7696318895,3/24/1962,6148979410.4
3610593218,Hewitt,Jerred,hjerredgs@alibaba.com,6163425069,11/5/1993,8289931179.04
2679033487,Lilia,Barritt,lbarrittgt@pen.io,9411157959,2/8/1926,1139734893.16
1912687758,Ailsun,Mealing,amealinggu@goo.gl,6821045381,1/23/1924,3857902820.55
2239304244,Tiertza,Tiner,ttinergv@360.cn,3457803267,3/20/1975,5908014539.9
5558484145,Marita,Eefting,meeftinggw@typepad.com,3663177287,6/20/1969,1271485859.26
6318144014,Ddene,Regitz,dregitzgx@sitemeter.com,2303923007,7/12/1924,1423519526.06
959128493,Janie,McGee,jmcgeegy@quantcast.com,2834290876,12/12/1986,7112085562.5
4220114714,Rafaelia,Mangeot,rmangeotgz@php.net,7881544478,4/28/1940,139495562.01
54234506,Mara,Fortie,mfortieh0@fda.gov,2072879134,8/15/1950,8364116699.65
4062542603,Beret,Clarson,bclarsonh1@bbb.org,1722160707,3/31/1962,6449289163.81
9424955173,Gabby,Hursthouse,ghursthouseh2@dedecms.com,9784333716,9/7/1957,9482828505.35
5776522475,Keri,O'Currigan,kocurriganh3@apple.com,3699441751,5/26/1907,6423902645.33
3350286556,Marysa,Ezele,mezeleh4@webs.com,6369836726,1/9/1945,3042558960.1
2712809443,Gussy,Jantel,gjantelh5@clickbank.net,4185406542,8/9/1921,1103390462.46
1227765111,Juliann,Bartlet,jbartleth6@i2i.jp,2586820990,3/1/1967,9962160410.81
4003688961,Jerry,Schirach,jschirachh7@hao123.com,5757583067,2/27/1907,6272909505.73
1164254917,Korrie,Rodda,kroddah8@baidu.com,4369875294,6/8/1966,8992908968.86
7701778223,Vergil,Bissatt,vbissatth9@guardian.co.uk,8656131744,9/16/1988,2231466252.85
3318695178,Sanson,Bouchard,sbouchardha@upenn.edu,1830509837,3/5/1938,295168929.2
6608727318,Aurelea,Glascott,aglascotthb@usatoday.com,3160676490,1/17/1975,6270396917.37
1980737518,Goldina,Lowey,gloweyhc@studiopress.com,744705298,2/26/1907,7613517714.95
4695140051,Nikaniki,Windus,nwindushd@w3.org,9074779945,12/4/1993,7985198156.12
2448164717,Burtie,Hukin,bhukinhe@multiply.com,4924633563,8/23/1912,2306209742.75
9163297091,Anni,Sollas,asollashf@phpbb.com,3066008274,9/16/1953,2850548941.31
3122034011,Gradey,Alleyne,galleynehg@acquirethisname.com,7150725464,8/16/1941,2869022702.7
3426355401,Aloise,Gerhold,agerholdhh@prlog.org,4580806257,12/3/1915,9658803288.26
9738729722,Dev,Watford,dwatfordhi@mayoclinic.com,5948426751,10/22/1954,1544658173.76
6083498227,Florance,Norval,fnorvalhj@drupal.org,8744929386,5/14/1909,5683860663.19
1453184636,Elianore,MacGruer,emacgruerhk@un.org,8118376042,11/13/1925,6625057587.55
7196345303,Jory,Jacmar,jjacmarhl@dagondesign.com,8959019960,1/19/1947,3864603410.92
2959874539,Celine,Doidge,cdoidgehm@hp.com,7360647028,4/2/1928,2425351692.15
1630212553,Jordana,Snelman,jsnelmanhn@fema.gov,9471974939,12/27/1950,3290196652.54
9508328342,Lurleen,Bumphrey,lbumphreyho@examiner.com,2990384087,6/8/1989,6779697802.33
8171678189,Kandace,Chaimson,kchaimsonhp@tripod.com,3983718855,8/2/1979,488777090.25
2994386006,Catie,Zannutti,czannuttihq@walmart.com,8475295557,6/8/1997,3572904908.12
812540910,Rex,Rains,rrainshr@xinhuanet.com,7360310709,11/2/1907,4516103150.85
8956249671,Giorgi,Goodere,ggooderehs@examiner.com,9550776400,5/24/1939,2679975211.68
6586574767,Ainsley,Gare,agareht@japanpost.jp,9293977369,12/25/1997,9471895723.57
5761426596,Joel,Raithby,jraithbyhu@addtoany.com,3611730026,3/13/1932,2563250739.57
8578494727,Maryl,Gianolini,mgianolinihv@skyrock.com,1962317778,11/13/1924,9523524360.71
5159309770,Sully,Tabbitt,stabbitthw@mashable.com,2485920168,6/5/1943,9665816864.54
3798418444,Rheta,Dreschler,rdreschlerhx@princeton.edu,9318339077,3/25/1989,1287458387.9
5426810584,Rheba,Virgin,rvirginhy@usatoday.com,1755401267,1/10/1936,2983350742.24
831411857,Erminia,Mixter,emixterhz@reddit.com,9201176954,11/15/1933,5068764344.98
4918397037,Stefania,Sendley,ssendleyi0@bbc.co.uk,6195414508,6/2/1939,5002562207.71
1815753338,Jacquette,Scholler,jscholleri1@omniture.com,6652880200,12/25/1997,1880116457.54
4499338646,Shepperd,Monger,smongeri2@trellian.com,6939918546,8/27/1935,5629665989.33
8278029942,Leigh,Sambells,lsambellsi3@example.com,4294974348,3/7/1997,5865849689.04
2122133079,Georg,O'Currane,gocurranei4@kickstarter.com,6393045030,9/26/1905,294871601.48
2990903123,Amie,Colyer,acolyeri5@psu.edu,1805160915,10/19/1921,2599432331.11
8723334633,Pru,Banasik,pbanasiki6@google.es,5478003234,5/21/1952,6122943461.15
6042274800,Layla,Saura,lsaurai7@ftc.gov,7218673062,2/26/1961,1208555666.91
9168919074,Paul,Rous,prousi8@abc.net.au,8770850675,3/22/1985,1203342529.87
4256644103,Xylina,Wills,xwillsi9@telegraph.co.uk,6704676512,3/23/1981,4058574695.65
2379772685,Ingelbert,Mazin,imazinia@addtoany.com,9196699067,8/27/1912,5790102173.81
1365809444,Juliet,Cotes,jcotesib@is.gd,3289153187,1/26/1935,5888792966.48
2101004722,Ula,Fateley,ufateleyic@springer.com,6581875562,11/25/1979,2603829060.67
5129835659,Caye,Poad,cpoadid@springer.com,1668439003,5/7/1904,6546979040.7
913255900,Uta,Salvadore,usalvadoreie@hubpages.com,7762374610,3/1/1931,557993072.76
8825309868,Stephenie,Butland,sbutlandif@fotki.com,3567888500,9/16/1985,8494915437.69
61341256,Eadie,Dooly,edoolyig@flavors.me,1032617832,5/20/1921,6444805867.74
5769446550,Britteny,Higgan,bhigganih@hao123.com,36838978,7/7/1903,4378855539.92
117151225,Everard,Ripon,eriponii@sfgate.com,1542015799,12/2/1930,8170709079.67
8499969453,Jocelyne,Screen,jscreenij@live.com,5799375617,7/26/1911,6765581785.58
3183756460,Hildagard,Costan,hcostanik@whitehouse.gov,5054309802,7/23/1994,6129911908.65
4712040714,Manfred,Florez,mflorezil@wikimedia.org,5555807105,6/2/1904,1664752501.67
5728961960,Sayre,Standidge,sstandidgeim@theatlantic.com,8728651055,8/6/1924,2063534510.31
3344418746,Irma,Fortnum,ifortnumin@epa.gov,5078660007,4/24/1997,5252229908.45
1206578547,Elysia,Raithmill,eraithmillio@pinterest.com,1161071202,10/4/1944,5952558003.53
7042334038,Britney,Radeliffe,bradeliffeip@unblog.fr,1767803981,2/21/1962,2730981865.58
8511776891,Rem,Brisley,rbrisleyiq@ebay.com,7346709309,10/3/1913,1615207998.29
2537281853,Luigi,Parrin,lparrinir@gizmodo.com,8206189783,6/17/1927,876122000.3
407824059,Yolanda,Hasker,yhaskeris@wsj.com,2118827338,1/1/1991,1876900677.59
5116372925,Sherlocke,Affuso,saffusoit@people.com.cn,9801246480,12/7/1926,5222807354.3
8860406858,Stuart,Woan,swoaniu@reference.com,9918588320,2/11/1902,4570087062.62
6433398365,Ginnifer,Glasscoo,gglasscooiv@mysql.com,1465061164,2/20/1967,2248572596.8
9511572298,Wilburt,Faber,wfaberiw@amazon.co.uk,4043884078,12/20/1954,1081402856.29
502639792,Kalinda,Shapcote,kshapcoteix@soup.io,9119632933,10/18/1954,3464393877.36
7386189846,Arnaldo,Bowditch,abowditchiy@naver.com,9222418573,11/27/1943,6323114905.32
2108744113,Alejandrina,Navaro,anavaroiz@amazon.de,2662800870,10/16/1997,7747034483.38
6198695030,Lucy,Carlisle,lcarlislej0@intel.com,7555650522,3/15/1979,7078501006.25
2685923724,Rona,Brake,rbrakej1@behance.net,6932007809,11/9/1944,8799996802.85
2532933778,Marchall,Bessom,mbessomj2@usatoday.com,9816674339,9/27/1986,2401110471.69
8714042934,Sanders,MacBrearty,smacbreartyj3@fastcompany.com,6384743622,4/25/1918,8059914744.94
6821716380,Deloria,Downing,ddowningj4@virginia.edu,3016522115,7/6/1967,4292564760.56
4221080702,Emlen,Hover,ehoverj5@va.gov,5422628735,6/20/1959,7408471232.69
4533409609,Jeff,de Almeida,jdealmeidaj6@dmoz.org,2440579092,12/6/1917,5381920644.37
264403586,Gerick,Haversham,ghavershamj7@ted.com,488175052,8/7/1956,6791826757.96
7317520848,Nixie,Garm,ngarmj8@pcworld.com,3465411579,7/14/1941,6926740893.44
810769890,Merna,Recher,mrecherj9@mapquest.com,7399337045,10/24/1973,2453562644.67
9514802806,Neils,Tattersall,ntattersallja@telegraph.co.uk,3017953575,3/8/1951,741391405.2
2109548044,Caleb,Bittlestone,cbittlestonejb@eepurl.com,1841885061,8/31/1983,4699276658.59
3580031076,Thibaut,Ragate,tragatejc@chicagotribune.com,7103026115,8/28/1995,7278508554.47
1769693835,Latia,Behling,lbehlingjd@eventbrite.com,3907593709,2/14/1982,1309916187.81
8613462313,Hilliary,Carayol,hcarayolje@dot.gov,9473192471,3/23/1979,6002234521.88
8060437450,Fawnia,Surmeyer,fsurmeyerjf@flavors.me,9798923626,7/4/1948,2995751288.34
2069323447,Esta,Caso,ecasojg@g.co,4755621758,9/25/1908,2878420875.4
1148288435,Quinton,Rishworth,qrishworthjh@google.nl,3132848436,11/1/1983,5468245966.13
4174193113,Nona,Brian,nbrianji@gnu.org,6627914808,6/22/1962,5179695063.07
4626948644,Joaquin,Degnen,jdegnenjj@kickstarter.com,7170308407,4/8/1907,1581148019.99
6891452747,Austina,Swanton,aswantonjk@ask.com,3488336429,8/5/1962,5844721981.8
8847703566,Barbara-anne,Zannini,bzanninijl@cornell.edu,3535321203,5/14/1959,6019293763.69
7553001212,Homere,Foale,hfoalejm@bing.com,933506386,8/13/1972,2219628480.22
3174553056,Renaldo,Wellbeloved,rwellbelovedjn@biblegateway.com,7302552346,2/18/1991,5993536832.65
9947317292,Lorita,Risborough,lrisboroughjo@creativecommons.org,9377002934,9/17/1948,7596319883.08
7485658226,Jannelle,Kordova,jkordovajp@canalblog.com,5058166259,8/15/1941,6628907989.49
375631070,Cassandra,Bassham,cbasshamjq@liveinternet.ru,9720989454,8/20/1911,9654800317.14
8351862572,Immanuel,Vasilmanov,ivasilmanovjr@flickr.com,8410988321,3/12/1911,7470709180.91
4152912669,Flory,Hick,fhickjs@businesswire.com,3276127959,9/18/1934,1007085671.96
7607761620,Noach,Siward,nsiwardjt@furl.net,9546795993,5/29/1910,4591784593.29
6544223645,Werner,Bowser,wbowserju@biblegateway.com,1330801513,1/12/1994,8481501479.81
5250788900,Dee,Klink,dklinkjv@ehow.com,9306056729,3/21/1927,2616819507.06
6933922373,Dela,Gerold,dgeroldjw@symantec.com,1032403827,1/16/1949,1237401562.06
7450494254,Micki,Moorfield,mmoorfieldjx@360.cn,2902955402,8/26/1979,2461682698.19
3870953756,Benny,Howarth,bhowarthjy@wunderground.com,9903234221,4/4/1903,1796582377.43
1273566522,Abby,Selvey,aselveyjz@twitpic.com,1777940735,4/17/1962,8604971955.7
604115186,Mirna,Grimes,mgrimesk0@apache.org,9853580882,2/8/1958,3605325917.43
6796369397,Sunshine,Klejin,sklejink1@naver.com,3329273663,11/4/1900,4088187452.19
1501349995,Korey,Oslar,koslark2@google.ca,3500145640,5/13/1915,2456044858.31
455856538,Giselbert,Boles,gbolesk3@nature.com,7113347311,4/14/1991,5317437774.05
417292947,Hall,Cellone,hcellonek4@paginegialle.it,6364872637,4/17/1935,4172223418.15
3747898808,Boyd,Shrieves,bshrievesk5@jigsy.com,3676244770,1/13/1928,7967402503.78
8023603202,Ryan,Rispen,rrispenk6@exblog.jp,1735398237,9/9/1929,2897067534.8
8061664139,Koo,Flintiff,kflintiffk7@slate.com,3985322423,10/15/1901,400023722.6
8551471062,Urbain,Slopier,uslopierk8@cocolog-nifty.com,6473483383,3/6/1955,9221367248.83
155893704,Francisca,Allnutt,fallnuttk9@privacy.gov.au,6118258009,5/22/1924,9235695506.75
3867741830,Janice,Colquit,jcolquitka@wsj.com,6028980579,12/13/1972,5757868132.51
4254819386,Travus,Casol,tcasolkb@house.gov,3143433739,2/29/1968,688393996.72
6261485866,Blondelle,Killbey,bkillbeykc@oracle.com,2623320914,7/30/1935,3600590424.55
6951153943,Kenn,Keppe,kkeppekd@t.co,9507312714,7/28/1907,4965621306.97
1002071032,Waring,Gealy,wgealyke@bravesites.com,5622765517,8/5/1901,3270921712.57
6283715027,Ida,Pepis,ipepiskf@about.com,9623705333,4/5/1920,2126784738.7
6730786506,Harwell,Arkil,harkilkg@cmu.edu,4575889196,10/30/1999,2246419195.38
8723731830,Truda,Kenvin,tkenvinkh@msn.com,6302002038,8/26/1994,6098147776.32
9281793029,Prescott,Ovenden,povendenki@deliciousdays.com,9805182884,1/7/1970,5083847227.26
6389443665,Moishe,Braddock,mbraddockkj@biblegateway.com,4649882946,2/24/1956,3396050918.04
3451159170,Chloe,Tuny,ctunykk@gizmodo.com,7781317941,4/30/1945,3369326368.44
4520682716,Winnifred,Ibbett,wibbettkl@accuweather.com,2230900711,5/29/1951,700747187.52
4059739138,Johnnie,Yakovliv,jyakovlivkm@deviantart.com,2042378419,12/4/1936,8879821862.72
1396474111,Jennee,Niese,jniesekn@imgur.com,6535922507,12/16/1904,1227443898.2
9832745005,Roseline,Yanne,ryanneko@twitpic.com,8254458118,3/21/1951,7392824347.28
4136619503,Claire,Foch,cfochkp@blogger.com,3618987097,12/13/1966,7158046984.65
1112863818,Uriel,Tybalt,utybaltkq@jimdo.com,7671709344,1/19/1978,1631856957.36
2398910740,Suzy,Thing,sthingkr@ed.gov,5344036882,10/7/1993,4174914011.17
6314305889,Demetrius,Finlry,dfinlryks@ted.com,3425271403,3/1/1954,2744261372.25
3073975103,Jorgan,Ebbers,jebberskt@cbslocal.com,1420102251,9/23/1904,278964875.11
7573997267,Demetris,O'Neil,doneilku@cpanel.net,8569711278,7/18/1905,2760146430.03
7875038842,Alfy,Pallister,apallisterkv@printfriendly.com,7866363962,3/30/1941,3184170012.81
2466017886,Albie,Rofe,arofekw@webeden.co.uk,7119192451,6/25/1944,8422530851.19
9772576180,Rodge,Urien,rurienkx@t.co,2424349025,12/4/2000,3027445600.63
1783009905,Anjela,Salkeld,asalkeldky@live.com,1560846649,9/30/1902,3882760332.48
7820876677,Gabbey,McNevin,gmcnevinkz@github.io,8287879614,6/11/1926,1642452546.9
8504333740,Angeli,Gricewood,agricewoodl0@gmpg.org,2405665696,1/16/1972,5954700690.28
573785529,Austina,Kember,akemberl1@home.pl,8982406471,5/15/1907,6847286637.62
4168654452,Zenia,Harring,zharringl2@com.com,280554734,3/9/1995,4139458493.57
2968397494,Jania,Cornelisse,jcornelissel3@state.gov,5109335769,7/23/1911,5493866411.31
7727672832,Bondy,Hempel,bhempell4@psu.edu,84390351,3/22/1942,5421573949.73
898464470,Tove,Greenacre,tgreenacrel5@sfgate.com,783724561,1/27/1967,2862469631.28
8651774141,Tabbi,Magenny,tmagennyl6@flickr.com,4223424566,10/23/1961,816399591.68
2720091254,Hastie,Caldaro,hcaldarol7@simplemachines.org,6820221641,10/9/1947,186168466.19
1488255332,Viviana,Pedel,vpedell8@clickbank.net,752838537,10/30/1933,5634609548.78
1970669065,Pearline,Golbourn,pgolbournl9@purevolume.com,2964527078,11/14/1992,8753665490.04
3312596682,Barbabas,Siggers,bsiggersla@ning.com,8504058773,10/21/1937,141235789.32
554855224,Zaccaria,Nelthorp,znelthorplb@google.com.au,7783833224,5/6/1914,7192145020.68
1648295689,Iggy,Rashleigh,irashleighlc@springer.com,3077933050,12/4/1961,5714391882.11
1464176019,Cleo,Hourahan,chourahanld@hubpages.com,5059100456,5/18/1917,28691890.84
3175277116,Sammie,Orsi,sorsile@thetimes.co.uk,3382422081,6/26/1945,3219885076.75
6166317151,Mathias,Redparth,mredparthlf@soundcloud.com,1321488302,4/21/1908,4180462434.38
4993142095,Hallie,Ligerton,hligertonlg@virginia.edu,3651807363,2/23/1946,805532011.4
5132662649,Anastasie,Heatly,aheatlylh@ed.gov,8596827189,7/10/1998,7217941647.65
3706336715,Nichols,Butcher,nbutcherli@uol.com.br,8039846802,11/2/1947,9164736707.95
4829993822,Courtenay,Andreucci,candreuccilj@mlb.com,2138386384,7/27/1980,4055105680.83
5031152556,Leonardo,Perott,lperottlk@bbc.co.uk,4394378979,10/28/1968,1535240985.92
9425023717,Jen,Sansome,jsansomell@google.fr,5705339318,11/27/1992,6972496086.7
7844538175,Andi,Merrywether,amerrywetherlm@opensource.org,474746268,7/12/1986,5873737026.66
7583914324,Haywood,Kempshall,hkempshallln@engadget.com,3552508401,2/1/1996,8379684544.51
3715015055,Arne,Benedtti,abenedttilo@china.com.cn,8665627961,6/10/1943,9890138642.26
5059904201,Georgina,Whales,gwhaleslp@vinaora.com,3290016151,2/15/1911,9117837604.89
1624981833,Rabi,Picken,rpickenlq@patch.com,1778352423,8/9/1932,477982770.15
4386926943,Rosmunda,Sunman,rsunmanlr@google.cn,8179549343,7/31/1983,5208626610.84
379911729,Marika,Chipperfield,mchipperfieldls@sciencedirect.com,8565149534,12/9/1960,8900951786.55
1763719919,Anselm,Pettyfer,apettyferlt@lulu.com,2956657098,2/5/1999,3127537609.35
4776442849,Tarrance,Mitchelson,tmitchelsonlu@gizmodo.com,424587896,3/29/1945,8530625601.89
7213171771,Nevsa,Whalley,nwhalleylv@elpais.com,2448838042,12/6/1964,4864341577.7
1033072124,Marguerite,Loffel,mloffellw@123-reg.co.uk,5626286290,5/5/1958,8505753614.86
5428256350,Alecia,Rump,arumplx@dion.ne.jp,5898102439,11/1/1987,7845189262.78
5272412603,Tye,Mattock,tmattockly@reference.com,7158359098,7/29/1906,761287180.6
5419684635,Abba,Glason,aglasonlz@newyorker.com,3001205596,2/28/1989,4022355552.63
3884757501,Imogen,Dinsdale,idinsdalem0@blogger.com,8881246622,6/27/1956,8589787003.79
8281480815,Jilleen,Fathers,jfathersm1@ucoz.com,4215249499,1/26/1944,8496614789.98
1716591621,Natty,Clowley,nclowleym2@eepurl.com,9499262473,3/1/1962,6230159452.12
8843915428,Lettie,Omand,lomandm3@discovery.com,9014455509,12/5/1989,1598892844.37
3645125043,Madlen,Geertsen,mgeertsenm4@yahoo.co.jp,3369482756,11/14/1968,9149175742.25
3022100052,Jaquelyn,Elcomb,jelcombm5@seattletimes.com,506710489,8/28/1947,7812569531.24
5067406331,Russ,Anthoney,ranthoneym6@businesswire.com,6391827497,9/1/1916,607734384.79
4438951792,Shanta,Tomasutti,stomasuttim7@dailymotion.com,6333288698,4/13/1907,9487505183.76
7332828513,Tish,Iannello,tiannellom8@discovery.com,6495345253,1/10/1909,5917263280.83
5322127301,Carmina,Rasell,crasellm9@time.com,1267475854,3/7/1975,4832584578.69
123958699,Ariadne,Tsar,atsarma@slate.com,2056940987,8/3/1922,5041707548.88
2804433400,Sharlene,Wynter,swyntermb@apple.com,7263035431,1/31/1903,1827439406.51
4985069287,Nannette,MacDermot,nmacdermotmc@goo.gl,343936814,12/9/1911,578903353.35
7073510592,Buiron,Chilton,bchiltonmd@fc2.com,4183195916,1/24/1946,7595262084.34
1291128960,Heida,Lilford,hlilfordme@google.nl,9515782141,8/25/1925,3302688795.54
3889745675,Sharia,Helgass,shelgassmf@google.com.br,9600413409,5/13/1923,1549926494.73
1040871160,Naoma,Illiston,nillistonmg@amazon.de,2333163771,6/19/1947,5335253618.51
5385970385,Loleta,Fernao,lfernaomh@ameblo.jp,5477399410,11/22/1993,7739433167.74
1253886037,Matty,Po,mpomi@fda.gov,2683732607,8/5/1971,773343736.31
4107457373,Connie,Etter,cettermj@pbs.org,8402364405,7/13/1968,6618529255.63
8726020012,Mina,Bynold,mbynoldmk@xrea.com,2719320505,2/3/1915,1101164506.49
5302470799,Hilliard,Rubenovic,hrubenovicml@fda.gov,5408574881,9/12/1937,7979568180.21
1983123082,Kermy,Benardet,kbenardetmm@1und1.de,2858419940,7/18/1981,750722037.72
9263513450,Dee dee,O'Fallowne,dofallownemn@xinhuanet.com,4053984956,4/19/1977,8484559787.43
9933456309,Killy,Raiment,kraimentmo@nih.gov,1614165780,5/4/1904,3484252946.73
6549578114,Jean,Stilgoe,jstilgoemp@wsj.com,1898836296,10/9/1992,9664163076.26
4608165221,Lavena,Bogeys,lbogeysmq@mapy.cz,4885106601,9/28/1979,4839194742.75
3734308618,Care,Le Gallo,clegallomr@linkedin.com,5148155783,8/14/1953,1459050364.53
5868997391,Lenka,Tempest,ltempestms@goo.ne.jp,6540645481,7/10/1964,8593184861.72
9142078112,Marrilee,Gyurkovics,mgyurkovicsmt@fema.gov,5303827687,12/8/1982,5823334426.09
5671906268,Nataline,Jannaway,njannawaymu@utexas.edu,9681478400,5/13/1931,2431238145.19
8408844593,Lynde,Ovize,lovizemv@cafepress.com,5005645804,11/10/1923,7566363282.39
5400253082,Guss,Broy,gbroymw@imageshack.us,5843541313,1/4/1998,7878993128.74
9302202494,Haroun,Baudasso,hbaudassomx@dagondesign.com,462978635,5/23/1993,7578604244.89
1119849706,Bonnie,Mulcaster,bmulcastermy@netlog.com,2258343284,7/1/1965,3648646484.17
2793213559,Chev,Peterken,cpeterkenmz@cbslocal.com,3618058081,9/24/1922,8435589475.6
7288997774,Etheline,Wilmore,ewilmoren0@prlog.org,1865730641,8/27/1975,5896681336.96
6656823766,Mendie,Yitzovitz,myitzovitzn1@va.gov,7391413654,11/30/1910,4684494372.82
5026072556,Jacquelyn,Buller,jbullern2@wordpress.com,5349663773,7/8/1955,2135589827.84
8592071350,Zoe,Gerram,zgerramn3@hhs.gov,9979656834,11/11/1953,3710684230.35
4716891272,Zachariah,Kellen,zkellenn4@techcrunch.com,1951969388,3/4/1979,3630439175.47
867074469,Edward,Hame,ehamen5@diigo.com,4577753548,12/10/1937,3965000287.75
3307309760,Dyane,Wickey,dwickeyn6@imageshack.us,8057227723,5/9/1926,3326676251.17
2320815653,Rod,Sayers,rsayersn7@timesonline.co.uk,9106026807,5/20/1929,9687849304.3
5484299390,Merissa,Broadey,mbroadeyn8@microsoft.com,4228080450,7/17/1942,5365446811.51
148983144,Lanie,Loosmore,lloosmoren9@gmpg.org,2205372437,6/22/1912,79224263.92
5394070693,Danyette,Eagling,deaglingna@berkeley.edu,9788780041,4/10/1919,5805412142.33
7399560996,Rivkah,O'Halligan,rohalligannb@addthis.com,1243133,3/12/1923,1812960144.52
6190403335,Nerissa,Eberz,neberznc@twitpic.com,2932078747,1/30/1924,7975541851.03
4579130696,Anni,Rowbury,arowburynd@istockphoto.com,8056497777,7/14/1919,6514139055.9
4766888167,Bertha,Swancock,bswancockne@ox.ac.uk,1636224906,1/30/1972,7255760664.56
7964405504,Gunther,Dutt,gduttnf@wordpress.org,1265929844,4/22/1976,6473019447.9
7112699100,Cathee,Novis,cnovisng@independent.co.uk,8730737552,11/13/1949,9852427122.01
1544970154,Jordanna,Itscowicz,jitscowicznh@wordpress.com,3687651984,4/15/1973,9310881935.97
4135488020,Pincas,De Caville,pdecavilleni@squidoo.com,2249075928,5/14/1978,3040061551.87
8408844059,Torie,Grushin,tgrushinnj@moonfruit.com,9814236345,11/12/1942,4510748659.67
5590492833,Shandeigh,McCalum,smccalumnk@auda.org.au,8230955089,11/30/1960,9448790730.07
5900768374,Hank,Rotter,hrotternl@answers.com,6264389958,11/10/1923,520541074.39
3925368102,Logan,Easun,leasunnm@bloomberg.com,1910062296,12/16/1906,7857152789.82
6584993970,Maddie,Botcherby,mbotcherbynn@ifeng.com,1887642532,1/18/1981,2675809031.23
8924037630,Pet,Ivanin,pivaninno@icio.us,9172904133,1/1/1955,7809246459.24
2067423147,Hubey,Wiburn,hwiburnnp@narod.ru,8311193939,8/10/1963,5640380611.87
1190042793,Bernita,Mynard,bmynardnq@indiegogo.com,6837305239,2/22/1905,7143429231.01
8943258492,Dido,Briggs,dbriggsnr@admin.ch,9917234449,11/12/1926,9516518240.65
8429239660,Lorilyn,Agglione,lagglionens@ucoz.com,3290225854,3/11/1900,514701124.92
7768737763,Percival,Mikalski,pmikalskint@princeton.edu,1931118485,8/19/1915,6410701983.84
1438830295,Jordain,Straun,jstraunnu@barnesandnoble.com,524869635,10/21/1994,8213190167.53
8208493098,Bordy,Drejer,bdrejernv@youtu.be,9657439143,3/24/1958,7080164363.64
7134961981,Jolene,Bascombe,jbascombenw@issuu.com,391681153,3/21/1960,6395930300.94
3652291310,Malachi,Doudny,mdoudnynx@histats.com,7713474257,1/24/1941,1763909816.48
246809798,Lorilee,Nesterov,lnesterovny@yelp.com,2580006235,9/18/1972,9122674863.68
8385008842,Tania,Awmack,tawmacknz@omniture.com,44222553,9/15/1971,2006348779.18
3653070286,Franchot,Chasmoor,fchasmooro0@over-blog.com,8214689414,4/5/1909,9490851666.52
7714009723,Rice,Kalvin,rkalvino1@csmonitor.com,6447323961,7/18/1903,67437786.16
815875852,Fawnia,Hazeldene,fhazeldeneo2@mysql.com,2994285234,10/15/1962,6756926303.08
318925789,Guss,Kezar,gkezaro3@mashable.com,3831962373,8/28/1924,7861846242.93
8661892106,Nickey,Itskovitz,nitskovitzo4@msu.edu,9545037482,10/26/1902,2239818.23
2323361187,Hallsy,Tackell,htackello5@privacy.gov.au,1166209113,6/22/1947,7425043020.49
7731040903,Sapphira,Sebright,ssebrighto6@home.pl,9260273964,9/25/1985,1285023472.63
4870561547,Jeremy,Gussin,jgussino7@ezinearticles.com,5153332427,6/10/1914,2946382180.71
2575086572,Darryl,Smallwood,dsmallwoodo8@yolasite.com,1979985625,1/8/1974,1104456937.6
446827869,Nerty,Syphus,nsyphuso9@comsenz.com,8050063306,5/1/1911,3280511003.5
2105634735,Paulo,Burgot,pburgotoa@sun.com,5191898167,3/19/1941,125420499.38
926718265,Sheelagh,Reignould,sreignouldob@flickr.com,8314845520,4/28/1924,5479346567.85
5366940948,Vito,Brozsset,vbrozssetoc@elpais.com,2736044504,8/16/1970,4497530796.67
404513870,Nancy,Sarfat,nsarfatod@bloglovin.com,979131701,1/22/1988,7586801783.75
1233171138,Darla,O'Towey,dotoweyoe@webmd.com,7388016308,6/17/1940,4988173608.6
9860501620,Oren,Santorini,osantoriniof@wordpress.org,8611604349,6/10/1909,4824166515.41
4949332981,Isaiah,Perren,iperrenog@jalbum.net,1970739819,11/4/1949,8991244034.29
1607500882,Bernetta,Kevis,bkevisoh@soundcloud.com,5593353165,7/13/1948,2839479288.38
6950096177,Galven,Airs,gairsoi@biblegateway.com,744307215,2/20/1963,4055744130.81
7937460046,Graeme,Legh,gleghoj@bloglovin.com,1584174887,4/4/1922,3463406975.48
9933335326,Goldy,Wrightson,gwrightsonok@mediafire.com,4735335094,5/18/1954,9899941518.62
5017000400,Edward,Bennion,ebennionol@nbcnews.com,232232801,8/15/1962,524716771.54
5707807773,Sherm,Brassill,sbrassillom@biglobe.ne.jp,4288489167,1/1/1948,7691717118.33
6872914350,Sarge,McKeran,smckeranon@answers.com,471576930,3/2/1942,3271464266.02
262229620,Stacey,Tevlin,stevlinoo@dmoz.org,7285932689,7/24/1952,7389205839.43
8115439140,Culley,Huston,chustonop@trellian.com,4923624257,12/16/1986,9924399461.85
2088155507,Gene,Mulmuray,gmulmurayoq@huffingtonpost.com,1891931069,3/29/1927,3490145853.95
1135117096,Tracey,Dispencer,tdispenceror@phoca.cz,8266921772,11/4/2000,1065023637.18
8877641143,Cindra,Siflet,csifletos@xrea.com,4902979755,7/16/1967,1061347243.28
5536941477,Radcliffe,Piquard,rpiquardot@ovh.net,1263573014,5/17/1947,7465092710.22
460533457,Reinold,Bellenie,rbellenieou@cdbaby.com,1517200436,6/23/1947,5748893175.59
1088276253,Zared,Dressel,zdresselov@1688.com,3621502126,8/11/1924,9159756299.66
2325173869,Carroll,Seabon,cseabonow@photobucket.com,821017429,11/26/1918,6427116455.29
3448121822,Debora,Brownhall,dbrownhallox@epa.gov,8664056935,3/24/1970,1440092600.02
9691176055,Hynda,Redit,hreditoy@stanford.edu,4150059128,5/23/1902,367980921.67
8244947177,Papagena,Batcock,pbatcockoz@flickr.com,406761530,6/8/1977,742962546.18
9057873817,Dyana,O'Cahill,docahillp0@fastcompany.com,8365145086,12/18/1911,2715784985.5
5131227895,Elaine,Stroyan,estroyanp1@arizona.edu,8806375523,11/17/1929,9850737640.17
7945305314,Giorgio,Miguel,gmiguelp2@usda.gov,3372579807,5/22/1958,8123573971.97
8630166502,Gertrudis,Minithorpe,gminithorpep3@ted.com,4367767538,10/5/1983,1874638374.01
19828676,Clo,Loach,cloachp4@blogs.com,8696198235,7/16/1962,2200833843.83
2667245481,Abrahan,Drescher,adrescherp5@weibo.com,8418652758,7/15/1990,3436723120.57
3904174772,Cassie,Haycock,chaycockp6@merriam-webster.com,3448624475,11/3/1992,586475458.1
5235018652,Buckie,Daniele,bdanielep7@mozilla.com,4012792349,10/14/1944,9333088582.39
7447804929,Northrop,Duchateau,nduchateaup8@bbc.co.uk,3098432274,10/30/1966,6484966773.86
3550764069,Moises,Arnaudon,marnaudonp9@trellian.com,6519212024,10/27/1942,7916781893.17
5976231150,Dorette,Prudence,dprudencepa@godaddy.com,937816112,7/12/1995,5265023779.64
9589069168,Sam,Dunnaway,sdunnawaypb@imageshack.us,5882668773,2/7/1974,1985847873.54
6803534155,Reena,Murr,rmurrpc@hao123.com,6970535851,6/5/1938,4583675189.71
3890054335,Valle,Rozier,vrozierpd@desdev.cn,3041096974,7/28/1957,5076719697.09
4701755613,Lorine,Blundel,lblundelpe@twitter.com,6878302706,6/23/1972,6452182285.56
3586690842,Roz,Pero,rperopf@npr.org,7752246391,2/10/1914,1714192957.34
7119379813,Gerome,Ackerley,gackerleypg@forbes.com,9296582979,1/28/1953,1450956431.81
4811919110,Merrie,Alyokhin,malyokhinph@salon.com,9891656728,12/23/1985,2205715883.84
1324808350,Frederico,Melbury,fmelburypi@archive.org,3673062035,2/13/1900,2746854165.5
2111031750,Lorin,Daniels,ldanielspj@census.gov,4270618762,1/16/1916,9123534463.15
9018278646,Nichole,Cholerton,ncholertonpk@boston.com,3323431015,10/27/1913,4228295663.13
9560513397,Nathanil,Chaldecott,nchaldecottpl@google.com.br,1533696297,4/19/1982,340780903.39
9363050395,Etti,McLardie,emclardiepm@de.vu,6571206361,10/6/1905,6603552122.06
9672591467,Annamarie,Reoch,areochpn@acquirethisname.com,5908162843,1/18/1981,2188377037.7
9139175420,Melinde,Carde,mcardepo@jimdo.com,6447621199,8/27/1916,59266561.78
7708053336,Meredith,Seabourne,mseabournepp@disqus.com,6923715465,8/5/1932,7508733047.64
6308801863,Glynda,Melliard,gmelliardpq@ibm.com,6845857329,9/22/1958,6118705625.37
1721839659,Nikola,Weedenburg,nweedenburgpr@cpanel.net,8719939531,10/3/1980,7717474297.51
4712079191,Jemima,Hanlin,jhanlinps@arstechnica.com,8328759253,11/6/1988,4605552218.1
6600900794,Dirk,Birkenshaw,dbirkenshawpt@lulu.com,9604937263,8/29/1952,2699049863.47
9457793763,Tisha,Rowan,trowanpu@ocn.ne.jp,9302325300,11/4/1984,798617096.04
6306433699,Delmore,Mapis,dmapispv@wiley.com,859115607,12/2/1992,3525366561.4
9208221809,Michaella,Mangin,mmanginpw@devhub.com,994357645,7/22/1921,4880361174.07
374100425,Juliann,Mager,jmagerpx@epa.gov,6680739219,10/17/1969,9195462697.64
3566681421,Alyson,Jonuzi,ajonuzipy@imageshack.us,2117910479,5/8/1960,1095520786.54
3509759453,Jaymee,Lauritzen,jlauritzenpz@google.nl,1767467870,2/5/1935,7851648099.63
7484338041,Tammy,Mayell,tmayellq0@arstechnica.com,2557550861,1/4/1931,3521544316.14
6030422598,Hilde,Lagden,hlagdenq1@exblog.jp,8359812041,10/14/1900,1211692708.03
6725846511,Edgardo,Streeton,estreetonq2@qq.com,4475084446,9/21/1915,1865701180.0
6246224734,Briney,Parffrey,bparffreyq3@acquirethisname.com,5484440700,8/9/1910,4506802795.85
6745888099,Aurora,Tegler,ateglerq4@deviantart.com,1613765945,4/9/1971,5621657951.7
8477286489,Kalie,Farnsworth,kfarnsworthq5@usgs.gov,3952494190,6/3/1982,5081365529.53
908033360,Creigh,Wybourne,cwybourneq6@ftc.gov,4520052143,1/12/1910,9636954776.23
123241444,Harry,Loins,hloinsq7@nps.gov,2018300193,5/18/1983,8141358738.56
3144574030,Dru,Byng,dbyngq8@jugem.jp,6462976534,9/27/1929,2565634649.65
1585050094,David,Feaks,dfeaksq9@shop-pro.jp,5146296589,9/21/1958,9886986548.09
5527870729,Konrad,Cutill,kcutillqa@marketwatch.com,5145537697,10/17/1957,7540260949.32
1337515959,Linnie,Learmont,llearmontqb@addthis.com,6224018087,5/6/1913,9517562493.57
9044847841,Ernie,Thredder,ethredderqc@ocn.ne.jp,2302139873,10/21/1979,9854440513.08
892121301,Brina,Scanes,bscanesqd@networksolutions.com,9565551015,10/9/1988,6558932997.37
6905063362,Valle,Hollows,vhollowsqe@netlog.com,7429489097,11/15/1907,3102445291.73
8203671062,Vikky,Roglieri,vroglieriqf@desdev.cn,1863229927,4/27/1909,9072002382.17
798083714,Mallorie,MacCoughen,mmaccoughenqg@foxnews.com,9614195948,6/9/1979,4397543261.74
9221416217,Archibaldo,Havenhand,ahavenhandqh@freewebs.com,6863469751,4/15/1971,7693684911.16
7210017491,Mellie,Dummigan,mdummiganqi@cdc.gov,7589541653,10/6/1967,678344366.99
2129026705,Shantee,Garbert,sgarbertqj@yandex.ru,2555738661,12/19/1934,3234810509.05
6747602620,Zacharia,Caffin,zcaffinqk@ehow.com,1725186610,4/27/1922,8334962108.59
8725374952,Florry,Life,flifeql@taobao.com,5146494450,5/25/1973,6152825840.18
6033005762,Chery,Jaram,cjaramqm@wordpress.org,6710198296,6/19/1986,9810822559.92
5337785582,Hilliary,Walter,hwalterqn@gravatar.com,4740127782,2/5/1962,9634136286.7
2946040083,Irwin,Duggary,iduggaryqo@shop-pro.jp,7136596699,12/26/1958,6140654416.02
9920449400,Salomone,Kelbie,skelbieqp@jigsy.com,6670826441,10/21/1918,2413947906.18
8462143575,Merrel,Tame,mtameqq@barnesandnoble.com,1934955435,1/29/1936,2094868664.08
2858812444,Pegeen,Studdard,pstuddardqr@ning.com,7712763563,6/16/1912,5046832994.82
2735133853,Joyous,Trenouth,jtrenouthqs@elpais.com,8176048842,4/9/1951,8503177476.21
7955207241,Elden,Saltman,esaltmanqt@hc360.com,1976603015,3/19/1944,8939862198.52
1457831102,Pascal,Sedworth,psedworthqu@sourceforge.net,5613314036,2/2/1929,3364694272.0
1483750791,Jolynn,Angove,jangoveqv@linkedin.com,8357164513,9/10/1913,5619551430.83
1686049589,Felicle,True,ftrueqw@japanpost.jp,7030192515,10/6/1947,7305846659.94
6272817858,Audrie,Maffei,amaffeiqx@webs.com,3759578452,6/16/1980,5778035925.64
5825876281,Charley,Gronou,cgronouqy@networkadvertising.org,8106589295,5/23/1953,9712933566.09
7726519338,Farrel,Grigoryev,fgrigoryevqz@canalblog.com,459744815,4/8/1963,6863455659.36
7461296429,Letizia,Housbey,lhousbeyr0@mapquest.com,2219395189,1/11/1962,2112127042.4
551746142,Donni,Benneton,dbennetonr1@usatoday.com,9925382641,6/2/1972,3414461648.86
9239641108,Gaultiero,McPeake,gmcpeaker2@java.com,8145199365,10/28/1919,7750196760.3
4100031036,Axel,Parkman,aparkmanr3@stanford.edu,4212740207,8/20/1996,6184041692.36
5605454854,Inger,Chadwell,ichadwellr4@washington.edu,5066843961,3/13/1922,596388933.68
1283482721,Vasily,Oakhill,voakhillr5@imgur.com,2466331672,8/29/1982,8289394015.91
4062894343,Timmie,Niave,tniaver6@dell.com,3512827256,9/12/1914,1386164463.81
528365654,Gibbie,Kingman,gkingmanr7@cmu.edu,3450352282,1/3/1970,718573581.95
137347697,Bourke,Harry,bharryr8@disqus.com,7104665518,11/23/1977,6755937959.87
3229039464,Reinhard,Hatfull,rhatfullr9@scientificamerican.com,9211929128,5/1/1990,7510177332.68
913391891,Ermanno,Jeratt,ejerattra@ocn.ne.jp,7159311803,7/4/1945,9576286441.71
803362457,Boothe,Mitchenson,bmitchensonrb@sitemeter.com,4701001032,8/18/1901,8247461063.96
6459340370,Winonah,Clawley,wclawleyrc@wiley.com,9086835208,4/4/1958,1606156164.29
1412631367,Leigha,Faldo,lfaldord@ovh.net,3594379467,5/23/1973,8641580299.4
5865432531,Guinna,Dodworth,gdodworthre@thetimes.co.uk,7051077512,4/2/1946,6337725565.04
1884574447,Cyndie,Trazzi,ctrazzirf@ted.com,8147298634,6/1/1937,6108628738.75
6274058703,Fancie,Vondrak,fvondrakrg@ebay.com,1075136722,3/26/1990,9886076155.51
9488519187,Sophie,O'Lagene,solagenerh@dot.gov,1579740778,11/26/1971,1063379226.43
6943885022,Gaston,enzley,genzleyri@dagondesign.com,159246284,10/16/1968,7498435062.09
655863125,Weylin,Blakeslee,wblakesleerj@tumblr.com,1543312349,8/13/1912,1174426879.47
176299780,Johnny,Santoro,jsantorork@google.de,8041851388,4/25/1984,5967557883.09
9450634929,Saundra,Jacquemot,sjacquemotrl@nifty.com,6945622812,9/18/1920,677956488.83
5890937627,Kristan,McLeoid,kmcleoidrm@epa.gov,314101198,3/4/1906,8752901426.92
8150917974,Mable,Midghall,mmidghallrn@ft.com,6594222543,4/16/1900,1260143687.01
5952774442,Trixi,Healks,thealksro@e-recht24.de,1648602778,12/15/1914,3274941626.06
4806548948,Kessia,Selman,kselmanrp@spotify.com,5017825457,3/24/1923,7536671006.15
9375042101,Ninon,Lafuente,nlafuenterq@timesonline.co.uk,1181556452,9/20/1938,7113613897.62
9010414748,Cathi,Rickasse,crickasserr@state.gov,2473455217,12/3/1985,3787990257.5
